SYMBOL ,SERIES ,LTP ,%CHANGE ,MARKET CAPITAL (₹ Crores),VOLUME (Lakhs),VALUE (₹ Crores)
PINELABS,EQ,198.85,14.83,22944.47,2766.96,5309.24
MOLBIO,EQ,1406.7,-6.8,16210.81,220.58,3417.11
HDFCBANK,EQ,708.25,2.08,1091709.23,314.12,2177.79
PAYTM,EQ,1807.5,3.94,115970.61,92.69,1662.89
RAYMOND,EQ,1003,17.47,6677.35,162.45,1570.43
BSE,EQ,3384,2.36,138027.97,43.26,1408.44
ESDS,EQ,1740.4,10,20399.4,74.99,1274.28
RELIANCE,EQ,1257.5,-1.3,1701716.74,87.78,1105.35
ICICIBANK,EQ,1379.3,-0.38,990003.41,70.64,974.6
DHOOTTRANS,EQ,1728.7,10,35360.22,58.63,969.6
IFCI,EQ,82.67,-2.91,22273.9,1108.86,921.8
COCHINSHIP,EQ,1381,-9.17,36331.46,63.9,898.07
IDEA,EQ,14.97,0.47,162189.52,5479.07,823.5
ATHERENERG,EQ,1656,-0.14,65328.07,48.82,808.78
SBIN,EQ,995.7,-1.39,919092.59,77.71,774.45
BHARTIARTL,EQ,1831.1,-0.43,1142698.15,41.81,770.4
ETERNAL,EQ,323.5,0.43,312188.84,227.12,728.6
DIXON,EQ,13425,-0.56,82083.31,5.5,728.37
GRANULES,EQ,913.8,1.62,22643.68,78.51,702.97
SILVERBEES,EQ,217.05,-2.9,31276.61,318.07,687.28
AWFIS,EQ,293.7,17.67,2101.81,239.46,678.69
LICHSGFIN,EQ,562.9,1.92,30963.05,115.56,649.91
ONGC,EQ,232.5,-2.01,292491.49,271.29,645.2
INDUSTOWER,EQ,388,4.3,102360.71,167.07,642.85
INFY,EQ,1037.7,0.12,421122.78,61.68,641.29
MARUTI,EQ,12400,-1.51,389859.19,5.15,639.86
KOTAKBANK,EQ,419,0.59,416806.79,151.97,631.62
GROWW,EQ,200,2.12,125471.93,311.36,615.47
MEESHO,EQ,219.44,0.7,101488.11,271.72,596
TCS,EQ,2200.8,-0.15,796268.7,26.34,582.39
SHANKESH,EQ,101.3,2.94,1489.43,538.77,574.7
TATASTEEL,EQ,183,-2.02,228448.55,315.1,574.65
PCJEWELLER,EQ,13.74,-0.65,13342.27,4201.62,571
AXISBANK,EQ,1246,0,387932.9,45.62,568.17
BAJFINANCE,EQ,1034.5,-0.86,644039.8,54.11,556.23
MCX,EQ,3276,-0.73,83535.33,16.87,554.34
PWL,EQ,136.1,7.39,39481.07,411.62,552.02
ADANIENT,EQ,3060,-0.56,414149.63,18.15,550.87
YESBANK,EQ,23.48,5.29,73698.52,2347.93,546.83
KEI,EQ,4578,-1.34,43765.95,11.38,512.27
JIOFIN,EQ,229.9,-0.15,151806.23,221.03,504.2
WABAG,EQ,2282,3.17,14260.58,22.31,503.63
QUADFUTURE,EQ,481.5,10.49,1926,103.63,503.51
COFORGE,EQ,1846.5,0.73,81777.51,26.87,494.55
VAML,EQ,422.6,-3.31,165253,115.88,487.56
DIVISLAB,EQ,9322,-1.23,247469.81,5.17,483.35
FINCABLES,EQ,1430.1,0.82,21871.86,33.59,481.73
ANTELOPUS,EQ,1140.2,1.43,4009.21,41.65,479.43
SWIGGY,EQ,278.2,-0.29,76791.92,172.34,478.96
SMSPHARMA,EQ,466,11.63,4364.18,104.02,471.04
CHENNPETRO,EQ,1570,-3.47,23379.09,29.17,469.48
GODREJPROP,EQ,1748,-6.62,52654.39,26.84,469.48
HINDALCO,EQ,981.5,-3.21,220565.28,47.54,468.05
LT,EQ,3930.7,-0.61,540811.68,11.95,468.01
LODHA,EQ,1116.9,-4,111603.24,41.92,460.27
INDIGO,EQ,4973,0.57,192289.3,9.24,451.91
HINDCOPPER,EQ,515,-2.33,49801.74,87.7,448.24
LAURUSLABS,EQ,1969,1.23,106387.48,22.77,446.69
BANDHANBNK,EQ,176.52,1.45,28439.34,253.35,445.82
NETWEB,EQ,5044.5,0.62,29987.49,8.7,434.85
HINDZINC,EQ,576.45,-2.89,243568.51,71.59,412.02
WESTLIFE,EQ,569.3,1.31,8860.8,72.22,411.3
M&M,EQ,3107,-0.54,386364.41,13.11,406.62
VBL,EQ,416.5,1.46,140879.66,97.19,400.72
MANINDS,EQ,868,-0.96,6510.83,45.25,393.6
MVELECTRO,EQ,841,0.66,2294.48,45.81,385.28
MOBIKWIK,EQ,209.45,7.59,1649.35,181.07,382.21
KALYANKJIL,EQ,601.15,-1.89,62083.82,63.41,378.85
HAL,EQ,4905,-0.91,328034.14,7.63,374.04
TDPOWERSYS,EQ,802.75,5.24,25082.47,42.85,337.3
EICHERMOT,EQ,7530,-2.17,206714.84,4.44,336.84
SOLARINDS,EQ,22290,-0.36,201702.33,1.49,332.87
WELCORP,EQ,2686.9,-3.24,70877.91,12.22,329.22
FILATEX,EQ,88,15.41,3907.71,388.99,328.65
POLYCAB,EQ,8241,-1.4,124184.94,4,328.47
LICI,EQ,404.1,-0.37,511186.31,81.45,328.45
AIIL,EQ,536.1,4.65,45526.98,59.95,325.51
SHRIRAMFIN,EQ,1028.6,-0.91,242027.89,31.71,325.21
APOLLO,EQ,421.15,1.92,15649.91,77.52,323.7
GRAPHITE,EQ,828,0.39,16177.1,39.72,323.67
BEL,EQ,404.35,-0.16,295570.91,78.06,314.8
VEDL,EQ,263.7,-1.99,103116.93,118.44,310.55
TECHM,EQ,1541,1,151038.61,20.07,309.86
ASHOKLEY,EQ,163.75,-1.43,96184.37,190.44,309.47
POWERGRID,EQ,269.1,-0.98,250279.25,114.23,308.33
TMCV,EQ,434.1,-1.17,159866.02,71.09,308.03
LIQUIDBEES,EQ,1000.01,0,10980.56,30.52,305.21
SHAREINDIA,EQ,198.12,0.92,4308.95,152.03,302.25
CUPID,EQ,279.7,0.81,37610.16,106.88,300.13
ADANIPORTS,EQ,1764.6,-0.19,406556.62,16.75,294.79
REDINGTON,EQ,394.2,0.56,30817.55,74.74,292.83
APARINDS,EQ,17499,1.26,73272.4,1.69,291.82
ITC,EQ,259.85,0.21,325653.36,111.16,289.53
OFSS,EQ,11763,0.32,102435.88,2.46,289.38
AHCL,EQ,19.8,12.88,1052.4,1507.49,287.93
DLF,EQ,644.5,-1.73,159534.05,45.02,287.28
LENSKART,EQ,681.9,-1.64,118603.29,41.11,282.69
GOLDBEES,EQ,125.19,-0.8,57811.69,224.73,280.8
MUTHOOTFIN,EQ,2792.1,-1.74,112094.01,10.15,280.58
DRREDDY,EQ,1165.5,1.97,97279.49,24.03,280.48
MRPL,EQ,175.4,-3.26,30740.58,157.09,279.74
BHEL,EQ,431,0.35,150076.93,65.48,278.54
HCLTECH,EQ,1206.1,-0.07,327295.15,22.73,275.91
WAAREEENER,EQ,2625,3.1,75508.48,10.67,275.45
CHOLAFIN,EQ,1845.9,-0.7,157644.1,15.05,274.07
BLACKBUCK,EQ,631,7.7,11494.75,44.33,269.18
DATAPATTNS,EQ,4829,1.08,27034.66,5.61,267.73
SUNPHARMA,EQ,1840,-1.13,441467.23,14.45,266.53
GVT&D,EQ,4548.1,0.07,116452.52,5.88,264.63
OIL,EQ,489.8,-2.1,79671.25,52.74,262.43
DMART,EQ,3688,-0.05,240548.32,7.1,260.91
MAXHEALTH,EQ,1037.7,-0.09,101000.4,25.07,258.67
PIIND,EQ,2259,-4.48,34273.12,11.25,253.84
MILKYMIST,EQ,292.77,5,22538.71,88.08,252.76
KIRLOSIND,EQ,3835,7.22,4030.42,6.39,250.23
BAJAJ-AUTO,EQ,11678,-0.76,320915.92,2.15,250.2
NIFTYBEES,EQ,267.4,0.09,65943.28,92.38,246.17
INDUSINDBK,EQ,978.2,-1.52,76215.53,25.05,244.79
ULTRACEMCO,EQ,11000,0.19,324147.09,2.23,244.42
LUMINO,EQ,108.7,0.71,3310.5,224.48,243.87
WOCKPHARMA,EQ,2179.2,-1.86,35408.86,11.1,243.37
ITDC,EQ,686.5,3.3,5888.07,34.31,241.44
NATIONALUM,EQ,361,-3.31,66302.41,65.61,235.06
SUZLON,EQ,44.12,-0.23,60645.53,527.77,231.43
TMPV,EQ,301.1,0.2,110899.33,76.83,231.26
CIPLA,EQ,1366,-0.53,110353.46,16.81,228.2
LALITHAA,EQ,338.2,0.18,18929.39,67.35,227.74
LIQUIDCASE,EQ,115.92,0.07,10424.38,191.75,222.24
ORIENTTECH,EQ,247.47,5.15,1133.56,84.3,221.49
HDFCLIFE,EQ,530,0.73,115147.22,41.28,217.37
PFC,EQ,353.45,0.18,116642.1,61.99,217.33
MOTHERSON,EQ,164.45,0.77,173560.76,132,216.46
ADANIPOWER,EQ,209.97,-1.65,404920.73,102.71,215.69
HINDUNILVR,EQ,1927,-0.79,452766.24,11,213.05
STLTECH,BE,897.45,5,46120.96,24.1,211.2
BLUESTARCO,EQ,1558,2.91,32034.78,13.36,206.56
HFCL,BE,235.05,0.74,35976.81,88.56,203.87
RACLGEAR,EQ,1800,13.34,2121.85,11.43,203.61
HINDPETRO,EQ,352,-0.18,74899.35,58.36,202.02
JSWSTEEL,EQ,1265,-2.99,309349.93,15.81,201.76
TITAN,EQ,5009.5,-0.23,444736.48,4.03,200.98
CGPOWER,EQ,909,-0.61,143208.41,21.63,195.72
KAYNES,EQ,3505,0.17,23495.65,5.56,192.45
TRENT,EQ,2802.4,-0.58,149433.02,6.78,189.45
OLAELEC,EQ,38.51,-1.63,17824,486.77,188.77
TVSMOTOR,EQ,4125,0.08,195973.43,4.55,187.23
SAILIFE,EQ,1585,-0.38,33664.48,11.7,186.09
APOLLOHOSP,EQ,8836,-0.72,127048.12,2.08,184.98
PERSISTENT,EQ,5516,0.12,87014.9,3.35,184.97
IDBI,EQ,83.55,2.36,89836.32,221.27,184.38
KWIL,EQ,43.3,4.26,10173.73,427.3,183.61
MAHABANK,EQ,84.2,-0.18,64762.78,216.76,182.06
ANGELONE,EQ,305,2.59,27878.11,59.43,177.1
MOREPENLAB,EQ,115.72,0.38,6340.92,153.04,175.15
SUNSHINE,EQ,407.8,-19.99,1270.25,39,174.93
NESTLEIND,EQ,1383.3,-0.21,266743.72,12.39,171.82
ZEEL,EQ,79.45,-1.85,7631.33,211.61,169.46
GRASIM,EQ,3281.9,-1.12,223345.67,5.16,169.19
CUMMINSIND,EQ,5070,-1.65,140540.4,3.31,167.8
POWERINDIA,EQ,31435,0.77,140113.22,0.54,166.61
NTPC,EQ,333.4,-0.48,323286.85,49.69,166.18
BANKBARODA,EQ,238.13,0.21,123145.65,70.18,165.98
COALINDIA,EQ,426.4,-1.3,262778.74,38.68,165.76
SWANCORP,EQ,295,-1.06,9246.98,56.51,164.97
AEGISLOG,EQ,1353,3.47,47490.3,12.17,162.93
HDFCAMC,EQ,2403.9,-1.23,103081.76,6.78,162.87
TATSILV,EQ,22.07,-2.73,5227.17,732.8,160.78
ASIANPAINT,EQ,2472.5,-1.02,237161.65,6.53,160.73
IIFL,EQ,600,-1.26,25522.86,26.61,160.62
ADANIENSOL,EQ,1373,-1.36,167911.65,11.54,158.46
SAIL,EQ,179,-2.59,73936.4,87.64,157.59
SUNTV,EQ,475.15,4.3,18724.93,33.12,157.52
INDOMIM,EQ,1013.2,0.66,50100.81,15.65,156.47
PTCIL,EQ,23440,4.71,35142.53,0.66,153.32
HERITGFOOD,EQ,419,5.26,3888.15,36.38,151.52
LTM,EQ,4275,-2.26,126805.61,3.49,150.52
PREMIERENE,EQ,974.2,0.65,44223.96,15.28,147.67
ONESOURCE,EQ,1592,3.25,18255.92,9.19,147.14
BAJAJFINSV,EQ,1913.5,-1.39,306554.44,7.62,145.54
JINDRILL,EQ,637.7,-2.52,1848.13,21.6,143.89
BIOCON,EQ,390.65,-0.26,63664,36.66,143.47
VOGL,EQ,36.9,1.46,14429.33,386.69,141.76
WIPRO,EQ,167.4,0.66,165804.2,84.85,141.64
RECLTD,EQ,312.7,-0.35,82340.91,45.1,141.34
PAISALO,EQ,83.99,1.25,7639.07,167.81,140.24
HDFCSILVER,EQ,216.84,-3,7303.63,65,140.18
SHILPAMED,EQ,959.05,2.04,18757.27,14.72,140.13
ABB,EQ,7274,-0.75,154142.15,1.92,139.73
NIACL,EQ,198.92,0.8,32782.02,70.24,139.56
CDSL,EQ,1360,0.37,28424,10.41,138.55
CANBK,EQ,124,-0.48,112476.08,111.31,137.44
TEMPSENS,EQ,586.5,0.89,4916.79,23.53,136.42
NYKAA,EQ,344.5,0.75,98668.73,39.78,136.06
PHOENIXLTD,EQ,1890,0.13,67601.12,7.23,135.91
TBZ,EQ,526.3,5,3512.03,27.35,135.75
SETL,EQ,468.15,4.99,9339.2,29.34,135.74
PNBHOUSING,EQ,1178.9,-0.01,30746.17,11.53,135.6
TEJASNET,EQ,554.9,0.93,9880.85,24.66,135.04
FCL,EQ,57.75,-1.64,6724.99,233.77,134.86
INDIANB,EQ,853.5,-0.35,114963.38,15.8,134.43
PNB,EQ,116.75,-0.09,134180.11,114.8,134.04
UNIONBANK,EQ,178.1,-0.61,135954.52,74.23,132.04
RBLBANK,EQ,412.55,0.43,63984.01,32.09,131.83
INDOCO,EQ,260.1,2.3,2400.82,50.02,131.44
HEROMOTOCO,EQ,5221.5,-1.11,104503.73,2.52,131.43
BBOX,EQ,805.1,8.09,14298.51,16.64,131.11
TORNTPHARM,EQ,4965.5,0.72,188866.89,2.63,130.09
LUPIN,EQ,2095,0.83,95797.2,6.22,130.01
EDELWEISS,EQ,132.7,-1.88,12560.6,97.24,129.07
BSOFT,EQ,281.5,2.07,7872.63,46.22,128.9
RATNAVEER,EQ,287.75,-7.36,2055.3,43.71,128.79
EMMVEE,EQ,344.8,0.63,23872.06,37.47,128.44
ADANIGREEN,EQ,1281.3,-1.37,210311.79,9.97,127.9
APLAPOLLO,EQ,2153.5,-1.88,59793.74,5.91,127.18
GESHIP,EQ,1414,0.99,20187.28,9.02,126.56
AZAD,EQ,2862,3.19,18483.29,4.54,126.08
BPCL,EQ,304.5,0.5,132105.28,41.38,124.31
ASTRAL,EQ,1411.4,-3.26,37917.28,8.72,123.37
MARICO,EQ,802.1,-0.11,104143.69,15.34,123.3
JSL,EQ,755.65,-0.85,62297.27,16.2,122.9
TECHNOCRAF,EQ,437.5,-0.43,1732.77,27.6,122.31
63MOONS,EQ,905.1,2.12,4170.57,13.37,122.22
LTF,EQ,309.1,-0.71,77471.36,39.56,121.41
ALKEM,EQ,5087.5,-0.98,60828.69,2.39,121.38
ANANTRAJ,EQ,597.1,-1.93,21488.25,20.42,121.1
BODALCHEM,EQ,171.6,3.31,2161.2,74.57,120.64
IDFCFIRSTB,EQ,86.21,-0.73,74327.76,139.38,120.13
MANKIND,EQ,2280,1.86,94174.28,5.31,119.68
SKIPPER,EQ,553.95,-4.98,6254.32,21.63,119.54
MAZDOCK,EQ,2339,-1.85,94350.58,5.1,118.71
GAIL,EQ,173.62,-0.5,114156.88,67.7,118.01
SHIPROCKET,EQ,134,3.74,9749.54,88.23,116.79
ZYDUSLIFE,EQ,1119.1,0.12,111630.65,10.39,116.61
FORCEMOT,EQ,17705,-2.59,23074.77,0.65,115.63
BDL,EQ,1190,-0.42,43620.94,9.75,114.86
BLUESTONE,EQ,892,4.31,13627.86,13.09,114.83
SYMBIOTEC,EQ,1135.05,-0.34,7293.39,10.11,113.56
GLAND,EQ,2935.9,-0.37,48432.56,3.89,113.47
MANAPPURAM,EQ,329,-0.54,30904.16,34.61,112.95
LIQUIDIETF,EQ,1000,0,1044.34,11.27,112.68
ACUTAAS,EQ,3375,-2.21,27631.5,3.25,111.11
AUBANK,EQ,1058.9,0.4,79478.71,10.59,111.04
PRESTIGE,EQ,1498,-2.95,64523.39,7.47,110.94
NOVARTIND,EQ,2366,-2.56,5841.84,4.55,110.31
GRSE,EQ,2447,0.48,28030.87,4.6,110.12
FEDERALBNK,EQ,344.5,-0.43,85139.82,31.89,109.51
SAGILITY,EQ,45.2,1.78,21159.6,244.3,109.05
PVRINOX,EQ,1232.1,0.88,12099.22,8.8,108.59
FIVESTAR,EQ,555.45,4.67,16396.25,19.6,107.61
HYUNDAI,EQ,2174,-1.41,176646.44,4.85,105.91
NEULANDLAB,EQ,23455,-1.45,30092.5,0.44,103.77
AUGMONT,EQ,881.8,-3.89,8057.32,11.69,103.76
SBICARD,EQ,655.2,-1.67,62351.66,15.72,103.01
IOLCP,EQ,195,-7.77,5723.79,51.29,102.61
CAMS,EQ,711,-0.14,17662.55,14.43,101.89
POLICYBZR,EQ,1797.3,-0.15,83160.15,5.64,101.24
SYRMA,EQ,1594.8,-0.25,30752.61,6.39,101.05
JSWINFRA,EQ,343.9,0.42,80128.75,29.58,100.78
SILVERIETF,EQ,226.8,-2.86,14706.15,44.59,100.62
PARAS,EQ,1430.4,-1.58,11527.21,7.04,100.34
AEROPLANE,EQ,205.8,-0.53,2131.09,48.5,97.47
BRITANNIA,EQ,4962,-0.94,119518.85,1.95,97.17
IOC,EQ,135.11,0.13,190792.05,72.03,96.89
BOSCHLTD,EQ,48385,-0.8,142716.88,0.2,96.6
NEOGEN,EQ,2387.3,-0.07,6536.83,4.09,96.46
ICICIGI,EQ,1459.8,-0.35,72932.02,6.64,96.25
OBEROIRLTY,EQ,1741.1,-2.84,63306.79,5.43,94.12
HSCL,EQ,664.25,0.08,33516.34,14.21,93.69
NHPC,EQ,76.38,0.04,76723.98,120.31,92.33
RAIN,EQ,216,-0.59,7265.07,43.34,92.27
TFCILTD,EQ,141.75,-0.99,6562.7,64.96,92.16
NAM-INDIA,EQ,1189.6,0.39,76108.42,7.76,91.33
HDFCNIFTY,EQ,263.32,-0.38,4922.36,34.61,91.26
360ONE,EQ,1091,-0.36,44465.29,8.35,90.76
BALRAMCHIN,EQ,693,-1.72,14663.71,13.01,90.73
TATACONSUM,EQ,991,-0.86,98039.78,9.06,90.02
TATAPOWER,EQ,364.65,-0.64,116518.06,24.26,88.66
INDOTHAI,EQ,41.17,-4.98,533.64,202,88.64
VOLTAS,EQ,1165,0.56,38548.07,7.62,88.37
MIDHANI,EQ,446.9,-3.55,8372.22,19.41,87.14
WHEELS,EQ,2229,-3.63,5446.12,3.86,86.83
GENESYS,EQ,304.15,1.49,2033.69,28.09,85.53
SOLARA,EQ,749.85,6.02,3604.55,11.6,84.6
IBULLSLTD,EQ,26.14,4.98,6096.38,328.65,84.23
JAMNAAUTO,EQ,135.98,3.12,5439,62.45,84.15
CARTRADE,EQ,3086.1,1.69,14971.3,2.74,84.07
GLENMARK,EQ,2419.2,0.17,68275.79,3.47,83.72
UPL,EQ,572.95,-0.41,48366.68,14.5,83.09
AUROPHARMA,EQ,1679.8,0.68,96651.98,4.94,82.67
AMBER,EQ,7245,-0.48,25551.5,1.12,80.7
RRKABEL,EQ,2428,-0.37,27462.02,3.32,79.93
ANTHEM,EQ,940.65,-0.18,53008.27,8.44,79.49
USHAMART,EQ,493.9,-0.37,15051.2,16.08,79.43
SETFGOLD,EQ,129.24,-0.78,26909.36,60.86,78.43
VMM,EQ,101.71,-1.63,47649.19,77.13,78.42
JINDWORLD,EQ,53,-4.74,5313.79,146.26,77.9
RVNL,EQ,204.9,-0.34,42722.06,38.17,77.57
HAVELLS,EQ,1111,-0.45,69722.1,6.99,77.42
UNITDSPR,EQ,1395,-0.36,101465.44,5.53,77.18
M&MFIN,EQ,356.5,-0.77,49552.47,21.7,76.94
TCC,EQ,56.01,4.46,1331.02,137.56,76.7
TNPETRO,EQ,129,-3.11,1160.63,56.5,76.55
NMDC,EQ,82.4,-2.6,72444.58,92.34,76.42
IEX,EQ,113.88,-2.36,10154.6,66.57,75.72
MAHSEAMLES,EQ,730,1.54,9781.95,10.45,75.71
AVALON,EQ,2266,1.75,15139.54,3.35,75.4
DYNAMATECH,EQ,12125,5.04,8234.62,0.62,74.51
NAVINFLUOR,EQ,8545,-1.79,43822.42,0.87,74.38
HBLENGINE,EQ,717.55,-0.33,19890.12,10.19,73.01
INDHOTEL,EQ,718.5,0.38,102273.61,10.2,72.92
PPLPHARMA,EQ,211.5,-0.47,28158.01,34.09,72.2
LLOYDSME,EQ,1802,-0.68,101435.83,4.01,72.19
POONAWALLA,EQ,444,-1.2,39097.56,16.34,72.08
DECNGOLD,EQ,230.1,1.87,4553.72,31.08,71.5
SRF,EQ,2482.4,-1.45,73584.5,2.89,71.48
URBANCO,EQ,166.15,0.97,25623.33,43.15,71.34
SIKA,EQ,1084,5.77,2298.17,6.55,70.99
SUDEEPPHRM,EQ,1212,-0.12,13689.37,5.93,70.87
LIQUID1,EQ,1122.52,0.05,2406.08,6.28,70.45
SUBEXLTD,EQ,21,6.28,1180.21,344.88,70.36
SMLMAH,EQ,6590,4.97,9536.81,1.09,70.23
FORTIS,EQ,887.8,-1.62,67025.18,7.85,70.03
PARAGMILK,EQ,266.1,0.47,3342.47,26.12,70
KTKBANK,EQ,327,-1.67,12371.76,21.27,69.29
KIRLOSENG,EQ,2170,-1.77,31577.81,3.16,69.16
GMRAIRPORT,EQ,97.98,0.53,103456.85,71.13,68.89
JYOTICNC,EQ,989,-1.48,22492.14,6.92,67.94
CCAVENUE,EQ,16.3,6.12,5686.09,424.06,67.6
SIEMENS,EQ,3957,0.07,140916.88,1.73,67.55
PATANJALI,EQ,341,0.37,37104.5,19.86,67.33
GODREJCP,EQ,865,-0.56,88515.88,7.73,67.01
GOLDIETF,EQ,129.69,-0.81,27965.69,51.71,66.93
TATATECH,EQ,765.6,-1.73,31087.33,8.72,66.76
DEEPA,EQ,186,-5.12,1787.91,35.01,66.45
ENRIN,EQ,3175,-0.13,113068.26,2.1,66.41
SONACOMS,EQ,788,-1.93,49181.32,8.32,65.92
PIRAMALFIN,EQ,2256,-1.73,53383.8,2.91,65.68
NAUKRI,EQ,1250.8,-1.12,81104.45,5.24,65.66
LIQUIDBETF,EQ,1098.68,0.05,597.87,5.92,65.06
IRFC,EQ,81.09,0.01,105972.52,80.29,64.69
LLOYDSENGG,EQ,83.05,3.1,12265.63,80.2,64.68
SHREEJISPG,EQ,689.6,-3.3,11234.84,9.19,64.3
ELLEN,EQ,380,1.74,5355.55,17.14,64.18
ABCAPITAL,EQ,395,-1.25,108133.16,16.3,64.17
ICICIPRULI,EQ,471.5,0.11,68425.05,13.55,63.77
ABSLAMC,EQ,1085.5,-0.28,31409.86,5.79,63.63
SHAILY,EQ,3277.5,-3.04,15074.94,1.93,63.31
UGARSUGAR,EQ,54.2,8.57,609.75,112.75,63.24
MOTILALOFS,EQ,1026.5,1.13,61828.48,6.25,63.21
JSFB,EQ,518.5,0.73,5483.27,12.55,62.94
UJJIVANSFB,EQ,65.8,-1.08,12837.95,95.97,62.75
CRAFTSMAN,EQ,11699,-1.28,30598.07,0.53,62.44
CPPLUS,EQ,3832,0.08,45332.73,1.61,62.19
FLUOROCHEM,EQ,4773,-0.28,52431.4,1.3,62.07
JINDALSTEL,EQ,1120.5,-1.45,114300.87,5.5,61.21
BANKINDIA,EQ,140,-0.71,63737.35,43.85,61.04
SAMMAANCAP,EQ,148,-1.18,17190.84,41.3,60.95
PIDILITIND,EQ,1566.9,-0.13,159491.57,3.89,60.68
VENUSPIPES,EQ,2022,3.74,4188.8,3.02,60.15
IONEXCHANG,EQ,446,2.42,6541.33,13.37,60.09
LGEINDIA,EQ,1638.5,-0.7,111216.86,3.59,59.04
LEAPIND,EQ,144.44,2.47,6363.11,41.73,58.82
AEROFLEX,EQ,565,0.14,7476.69,10.43,58.3
JINDALSAW,EQ,313,-1.42,20016.61,18.75,58.23
AETHER,EQ,1675,2.12,22231.91,3.52,57.83
PRICOLLTD,EQ,767.75,3.81,9357.45,7.6,57.61
RUBICON,EQ,1839.4,2.76,30447.94,3.19,57.19
KIRIINDUS,EQ,534.4,2.16,3482.58,10.68,56.5
PFIZER,EQ,4055,-0.99,18550.71,1.39,56.43
TATAGOLD,EQ,14.74,-0.61,6159.3,382.77,56.19
INOXWIND,EQ,76.5,0.63,13221.02,74.15,55.75
KFINTECH,EQ,900,0.11,15558.49,6.22,55.67
JPPOWER,EQ,16.1,-0.8,11034.07,346.94,55.54
INOXINDIA,EQ,2242.5,-2.32,20353.71,2.45,55.53
CONCORDBIO,EQ,1510,3.94,15797.05,3.73,55.43
BAJAJHLDNG,EQ,11134,1.29,123914.19,0.5,55.21
AEQUS,EQ,226.75,-1.4,15207.34,24.51,55.15
BHARATFORG,EQ,1944.9,-0.51,92969.85,2.84,54.76
WELSPUNLIV,EQ,208.15,-1.12,19665.02,26.53,54.72
BANKBEES,EQ,587.25,0.64,8161.85,9.31,54.35
EPL,EQ,239.45,-2.36,7671.29,22.53,54.24
MARKSANS,EQ,329.95,-0.14,14952.14,16.32,53.75
EXIDEIND,EQ,412.85,-1.9,35092.25,12.95,53.57
GPIL,EQ,244,-3.26,16427.03,21.62,53.15
JBMA,EQ,618,2.28,14615.35,8.57,53.07
KISSHT,EQ,328,-1.77,5814.43,15.97,52.72
CGCL,EQ,265.5,-2.48,25545.19,19.58,52.54
SANSERA,EQ,4115.5,0.19,25682.19,1.28,52.48
QPOWER,EQ,1429,-2,11066.76,3.65,52.23
MANIPALHOS,EQ,717.1,-2.2,94325.7,7.25,52.18
AEGISVOPAK,EQ,295.05,1.1,32691.29,17.76,52.17
SBILIFE,EQ,1684.7,-0.93,169034.3,3.09,52.07
GCSL,EQ,600.55,-2.32,1450.89,8.62,52.04
HCC,EQ,22.76,-0.22,5961.91,232.42,51.99
BAJAJHIND,EQ,20.93,-2.2,5003.66,245.96,51.77
DEEPAKNTR,EQ,1596,-3.03,21768.33,3.24,51.74
MFSL,EQ,1477,-0.2,50973.45,3.5,51.71
HOMEFIRST,EQ,1185,-2.02,12390.3,4.35,51.45
LIQUIDPLUS,EQ,1103.07,0.05,1175.4,4.66,51.41
SKYWAYS,EQ,116.5,4.78,1693.25,44.83,51.32
AMBUJACEM,EQ,391.85,-0.95,97367.56,13.11,51.14
UBL,EQ,1255,-0.14,33182.85,4.08,51.13
ANURAS,EQ,1217.2,-1.13,13857.8,4.19,50.93
FRACTAL,EQ,767,0.05,13270.81,6.63,50.91
COLPAL,EQ,1797.4,-0.61,48886.7,2.81,50.31
SHADOWFAX,EQ,255,-0.04,14961.63,19.97,50.23
KROSS,EQ,239,3.22,1541.78,21.36,49.93
NBCC,EQ,82.9,-1.24,22383,60.13,49.59
ACMESOLAR,EQ,401.8,1.15,28402.21,12.35,49.55
SHAKTIPUMP,EQ,493.15,-2,6085.37,10.08,49.54
VIYASH,EQ,256.95,-1.34,11303.43,18.6,47.76
TEGA,EQ,1728,0.49,12982.07,2.79,47.58
KPITTECH,EQ,553.75,0.51,15180.71,8.6,47.43
AFCONS,EQ,253.6,-2.78,9327.02,18.5,47.31
RENUKA,EQ,24.83,0.04,5285.04,192.03,47.24
ZENTEC,EQ,1728.1,-1.25,15603.08,2.74,47.11
UNIMECH,EQ,1609,2.61,8190.13,2.97,47.07
DIACABS,BE,369.05,4.99,22071.81,13.01,47.04
BAJAJCON,EQ,522.5,-0.37,6824.81,9.02,46.61
BEML,EQ,2030.5,0.07,16911.83,2.31,46.35
SBILIQETF,EQ,1055.8,0.05,81.28,4.36,46.02
DELHIVERY,EQ,439,-1.94,32888.43,10.48,45.95
NATCOPHARM,EQ,816.5,-0.26,14624.32,5.68,45.94
ASTERDM,EQ,763.5,-0.39,66552.19,6,45.92
PGEL,EQ,545,0.55,15628.26,8.52,45.88
SSWL,EQ,371,-0.7,5834.54,12.2,45.76
CYIENTDLM,EQ,905.05,-1.98,7184.59,5.06,45.74
RADICO,EQ,4368.1,-2.06,58524.85,1.04,45.7
UNOMINDA,EQ,1201.6,-1.89,69388.31,3.75,45.26
VENKEYS,EQ,1783,5.09,2511.77,2.55,44.95
ABREL,EQ,1280,-4.29,14297.05,3.46,44.53
VISL,EQ,33.39,0.06,13056.79,134.77,44.49
ENGINERSIN,EQ,269.45,-0.96,15144.23,16.52,44.47
GODFRYPHLP,EQ,1927,-2.28,30057.69,2.29,44.41
SUPREMEIND,EQ,3364.4,-4.15,42736.92,1.3,44.32
EMIL,EQ,189,-1.47,7271.75,23.37,43.97
LOTUSDEV,BE,209.5,0.92,10238.76,20.83,43.94
METROBRAND,EQ,941.9,-1.07,25675.51,4.67,43.89
GUJENERGY,EQ,241.2,-1.91,22630.13,18.09,43.86
BAJAJHFL,EQ,84.14,-0.09,70108.26,51.4,43.39
HDFCGOLD,EQ,129.47,-0.78,22693.27,33.31,43.04
LALPATHLAB,EQ,1897,-1.03,31840.92,2.25,42.98
GENUSPOWER,EQ,322.15,-1.23,9801.18,13.29,42.98
SCI,EQ,280.95,-1.49,13086.62,15.19,42.54
MPHASIS,EQ,2295,0.14,43808.16,1.85,42.37
VARROC,EQ,868.9,-1.75,13275.61,4.83,42.35
NAZARA,EQ,368.4,-1.67,13647.93,11.48,42.33
CONFIPET,EQ,89.22,1.57,2964.25,47.22,41.87
ZENSARTECH,EQ,428,0.14,9740.45,9.81,41.65
NUVAMA,EQ,1744.9,-0.74,32184.52,2.4,41.33
SBIFUNDS,EQ,545.25,-1.04,111058.03,7.56,41.23
ICICIAMC,EQ,3040.2,0.22,150264.48,1.36,41.06
THANGAMAYL,EQ,5119,0.74,15910.89,0.8,40.82
RKFORGE,EQ,714.95,-1.66,13024.25,5.71,40.4
E2E,BE,614.5,1.42,12631.96,6.6,40.25
BALAMINES,EQ,2283,-2.54,7397.15,1.76,40.05
SBC,EQ,48.36,0.65,2302.85,82.67,39.87
DEEPINDS,EQ,774.4,-1.07,4956.16,5.14,39.87
PAGEIND,EQ,35365,-1.08,39445.68,0.11,39.79
SUDARSCHEM,EQ,1245,-2.03,9911.14,3.16,39.74
TITAGARH,EQ,842.8,-1.91,11350.31,4.64,38.96
CORDELIA,EQ,112.95,3.21,8176.96,34.86,38.95
TATACHEM,EQ,615,0.73,15667.51,6.42,38.94
ANANDRATHI,EQ,2210,0.34,36695.12,1.75,38.71
BIRLACABLE,EQ,393.35,4.99,1180.05,9.96,38.62
BALKRISIND,EQ,2164,-1.32,41833.84,1.78,38.58
MTARTECH,BE,7325,0.27,22531.4,0.53,38.52
TVSSCS,EQ,130.52,1.39,5758.85,29.19,38.35
TATAELXSI,EQ,3383,-0.76,21065.33,1.13,38.31
GMDCLTD,EQ,576.35,-0.7,18327.93,6.67,38.24
YASHO,EQ,4220,6.57,5088.09,0.95,38.04
PRIVISCL,EQ,3551.1,1.59,13871.56,1.08,38.02
PCBL,EQ,331.5,-0.99,13043.29,11.48,37.69
RAYMONDREL,EQ,584,2.09,3887.91,6.5,37.54
OLECTRA,EQ,1208.5,0.15,9919.46,3.11,37.42
TATAINVEST,EQ,649,0.6,32836.2,5.77,37.42
IREDA,EQ,111.71,-0.76,31381.92,33.42,37.36
CUB,EQ,227.9,0.64,22580.04,16.29,37.33
VADILALIND,EQ,6915.5,-4.7,4970.74,0.53,36.9
JUNIORBEES,EQ,784.76,-0.13,8867.57,4.71,36.62
SONATSOFTW,EQ,265.5,2.08,7445.28,13.85,36.55
INDNIPPON,EQ,1355,-1.02,3065.2,2.74,36.51
SHREECEM,EQ,22570,-0.94,81434.25,0.16,36.45
SKYGOLD,EQ,827.9,-0.29,12822.01,4.37,36.13
SBISILVER,EQ,222.54,-2.88,5971.89,16.2,35.85
CEMPRO,EQ,1249.8,-0.17,21470.01,2.88,35.64
NRBBEARING,EQ,516.8,0.16,5008.96,7,35.63
MOREALTY,EQ,85.69,-2.09,269.92,42.36,35.6
CLEANMAX,EQ,1420,1.5,16689.5,2.5,35.29
EBGNG,EQ,682,0.6,7775.59,5.18,35.19
TIINDIA,EQ,2606.1,-1.73,50446.88,1.35,35.18
ABDL,EQ,636,4.02,17789.57,5.64,35.09
IPCALAB,EQ,1964.2,-0.34,49832.58,1.76,34.85
NH,EQ,1869.9,-2.08,38213.43,1.83,34.51
TRITURBINE,EQ,568.6,1.38,18075.71,6.14,34.48
KABRAEXTRU,EQ,725,2.47,2535.53,4.8,34.45
ELANTAS,EQ,14600,8.98,11574.42,0.24,34.42
GMMPFAUDLR,EQ,1309,-0.77,5884.9,2.62,34.22
XTRANET,EQ,270.9,-5.14,1416.42,12.32,34.14
SILVER1,EQ,22.07,-2.82,3750.83,155.47,34.13
LIQUIDADD,EQ,1144.59,0.05,1720.08,2.97,34.02
HLEGLAS,EQ,404.35,10,2808.4,8.71,34.01
NIITMTS,EQ,228.25,1.61,3149.91,14.68,33.88
IKIO,EQ,223,-3.77,1723.36,14.5,33.67
CMPDI,EQ,214.3,-2.04,15301.02,15.64,33.65
RESPONIND,EQ,173,2.04,4612.33,19.48,33.64
ASTRAMICRO,EQ,1688.5,-0.35,16031.46,2,33.53
KENNAMET,EQ,4680,-6.92,10285.82,0.7,33.5
MOSCHIP,EQ,210.35,1.77,4102.84,16.08,33.41
ACE,EQ,1131,0.87,13468.31,2.99,33.15
CYIENT,EQ,1065,-1.06,11156.19,3.09,33.05
SJS,EQ,2340,-0.11,7494.24,1.41,33.03
KARURVYSYA,EQ,335.4,0.03,32418.46,9.87,32.88
SOTL,EQ,716.55,2.79,4912.7,4.61,32.87
GOODLUCK,EQ,517.5,-0.08,5160.28,6.37,32.87
LUMAXTECH,EQ,1997.9,2.85,13617.23,1.65,32.6
VINCOFE,EQ,174.97,-1.11,2563.11,18.52,32.56
METALIETF,EQ,13.15,-1.42,1015.33,248.47,32.45
DABUR,EQ,376,-0.12,66700.78,8.64,32.4
HONASA,EQ,470.95,-0.99,15354.11,6.8,32.17
BLEL,EQ,444.45,0.65,1880.13,7.34,32.14
OMNI,EQ,550.5,-2.28,6807.81,5.82,32.01
SCHNEIDER,EQ,1225,2.52,29290.24,2.62,31.8
MARINE,EQ,419,2.56,5863.67,7.75,31.79
EIEL,EQ,207.77,-1.83,3646.99,15.51,31.78
AWL,EQ,185.8,0.05,24148.03,17.28,31.7
CANFINHOME,EQ,781,-0.15,10399.37,4.07,31.59
RPOWER,EQ,21.66,-0.82,8958.08,146.42,31.49
SEDEMAC,EQ,2919.7,0.14,12896.46,1.07,31.37
CORONA,EQ,2228,1.24,13626.47,1.41,31.32
NLCINDIA,EQ,264.85,-2.05,36725.07,11.78,31.29
ARE&M,EQ,815.95,-0.4,14933.95,3.86,31.24
ZAGGLE,EQ,186.8,1.56,2511.68,16.85,31.23
CLEAN,EQ,846,-0.29,8991.64,3.71,31.14
BANKNIFTY1,EQ,58.65,0.33,4343.88,53.09,31.03
THERMAX,EQ,3692.5,1.29,43998.46,0.85,30.97
HAPPSTMNDS,EQ,330.05,-0.71,5025.83,9.31,30.95
GOLD1,EQ,126.39,-0.79,14759.28,24.49,30.9
RAYMONDLSL,EQ,691.95,0.63,4215.61,4.45,30.86
RPEL,EQ,1840,5.53,8449.64,1.71,30.85
AKUMS,EQ,774.9,3.37,12196.46,3.99,30.75
JSWENERGY,EQ,526.45,-0.75,96523.7,5.83,30.63
VIKRAMSOLR,EQ,167.2,0.96,6058.57,18.4,30.59
EXICOM,EQ,182.4,3.21,2536.82,16.94,30.39
SMCGLOBAL,EQ,86.49,0.99,1811.1,34.92,30.04
HEG,BE,237.2,-4.99,4577.43,12.59,29.9
BELRISE,EQ,228.6,0.09,22109.09,13.13,29.89
KSHINTL,EQ,1172,-0.2,7940.97,2.6,29.87
SIGMAADV,BE,832.45,4.99,15774.61,3.67,29.84
KRN,EQ,1593.2,0.54,10428.85,1.89,29.67
TATACOMM,EQ,1755.2,-0.52,50026.14,1.67,29.6
SILVER,EQ,226.92,-2.81,3024.09,13.09,29.55
PARADEEP,EQ,156.2,-0.58,16221.69,18.95,29.36
JMFINANCIL,EQ,124.98,-1.78,11960.09,23.59,29.34
DEVYANI,EQ,138,1.53,17014.57,21.36,29.33
NEWGEN,EQ,502.9,-0.98,7166.83,5.84,29.32
EMAMILTD,EQ,364.3,-1.77,15901.69,8.01,29.28
AARTIIND,EQ,492.65,-2.07,17869.72,5.92,29.2
TEXRAIL,EQ,118.8,1.52,4833.55,24.68,28.65
MSUMI,EQ,36.31,-0.08,24079.56,78.16,28.36
CAPLIPOINT,EQ,2752.6,-1.53,20922.98,1.03,28.29
APTUS,EQ,247,-2.06,12370.2,11.38,28.28
ARVINDFASN,EQ,444,-2.07,5935.05,6.3,28.22
BALUFORGE,EQ,532.5,-0.77,6464.12,5.33,28.21
DCBBANK,EQ,226.75,-0.17,7305.41,12.46,28.06
IRCTC,EQ,463.7,-0.87,37096,6.04,28
SENSEXIETF,EQ,865.85,0.62,32233.06,3.26,27.96
CONCOR,EQ,499.25,-0.97,38023.78,5.57,27.81
KNRCON,EQ,125.7,1.63,3535.12,22.45,27.59
ASIANTILES,EQ,50.39,0,1493.94,54.93,27.58
MRF,EQ,128760,0.38,54608.96,0.02,27.43
SHANTIGOLD,EQ,258,0.28,1979.88,10.75,27.37
FMGOETZE,EQ,462.95,4.37,2575.49,6.11,27.33
SEAMECLTD,EQ,1796,1.3,4566.33,1.51,27.21
SILVERAXIS,EQ,226.7,-2.45,2033.43,11.98,27.02
MVKAGRO,SM,297,3.41,1499.97,9.01,26.84
710GS2029,GS,104.8,0.38,158248,25.58,26.8
EPACKPEB,EQ,242.4,1.41,2439.24,11.31,26.78
JAYNECOIND,EQ,89.7,-1.74,8709.85,29.74,26.77
ARVIND,EQ,576.8,1.23,15691.3,4.71,26.75
WALCHANNAG,EQ,210.55,0.78,1429.73,12.77,26.74
KMEW,EQ,2880.9,-1.19,7307.21,0.93,26.68
JKCEMENT,EQ,4846,-1.41,37444.19,0.55,26.62
ASIANENE,EQ,534,0.01,2597.76,4.92,26.53
SAREGAMA,EQ,505.1,-0.01,9738.81,5.22,26.53
SOUTHBANK,EQ,46.18,0.22,12095.93,57.56,26.5
GOLDAXIS,EQ,126.09,-0.86,5614.88,21.05,26.46
TENNIND,EQ,505.95,-2.56,20420.36,5.15,26.28
STARHEALTH,EQ,562.95,-2.31,33136.57,4.61,26.23
ATGL,EQ,596.05,-1.1,65554.18,4.37,26
ITCHOTELS,EQ,154.49,0.23,32180.36,16.94,25.97
LLOYDSENT,EQ,69.96,-0.07,10662.66,37.64,25.92
RAMCOCEM,EQ,865,-0.55,20439.29,3.02,25.91
HTEL,BE,85.6,4.99,811.94,30.58,25.85
NEPHROPLUS,EQ,766.25,2.54,7705.33,3.37,25.85
GROWWCHEM,EQ,29.99,-0.2,37.35,86.27,25.58
SAMBHV,EQ,130.55,-1.48,3846.94,19.37,25.53
TORNTPOWER,EQ,1298,0.13,65406.68,1.95,25.17
WENDT,EQ,8844,2.01,1768.8,0.29,25.11
GPPL,EQ,160.93,-0.83,7780,15.45,25.01
LTFOODS,EQ,439,-0.57,15244.4,5.73,25.01
MANINFRA,EQ,126.5,-1.68,5106.38,19.69,24.96
SILVERCASE,EQ,23.01,-2.99,1167.91,108.3,24.82
VOLTAMP,EQ,11215,2.66,11346.35,0.23,24.82
KEC,EQ,406,-1.8,10807.72,6.09,24.78
KERNEX,EQ,1738,1.67,2920.47,1.45,24.76
CROMPTON,EQ,231,0.43,14874.43,10.78,24.75
MANORAMA,EQ,2060,-1.16,13003.21,1.2,24.74
PRECWIRE,EQ,466,0.29,8518.85,5.35,24.6
POKARNA,EQ,808.65,3.61,2507.14,3.14,24.49
VSSL,EQ,398.45,1.65,3853.06,6.21,24.46
ABBOTINDIA,EQ,25540,1.11,54270.72,0.1,24.35
SHYAMMETL,EQ,1076.9,-0.85,30059.71,2.24,24.29
GOLDETF,EQ,147.25,-0.82,3502.96,16.51,24.26
BRIGADE,EQ,642.05,-1.4,20947.48,3.81,24.22
EMCURE,EQ,1975.1,0.63,37467.5,1.22,24.18
AXISCADES,EQ,1830,-2.12,7783.63,1.32,24.15
CSM,EQ,84.11,-11.43,434.04,27.73,24.04
CHAMBLFERT,EQ,419.4,0.39,16803.28,5.73,23.91
KPIGREEN,EQ,282,-1.91,5574.35,8.47,23.91
TARIL,EQ,289.95,0,8703.31,8.27,23.74
PERNIASPOP,EQ,576.25,0.13,4613.52,4.26,23.73
NCC,EQ,140.9,-1.57,8846.36,16.87,23.67
EIDPARRY,EQ,722.95,-1.5,12865.31,3.27,23.6
INDIAMART,EQ,1714,4.66,10308.54,1.4,23.55
JUBLPHARMA,EQ,1025.1,-0.05,16327.91,2.31,23.52
CASHIETF,EQ,1079.43,0.05,1073.01,2.17,23.46
TAALTECH,EQ,5408,4.03,1685.32,0.43,23.44
SENCO,EQ,346.95,-0.84,5686.54,6.76,23.32
GICRE,EQ,350,1.83,61404,6.7,23.24
GOLDCASE,EQ,23.86,-0.75,2543.4,97.5,23.21
RPTECH,EQ,818,1.43,5431.99,2.86,23.2
QUALIANCE,ST,224.9,0,302.54,10.3,23.14
WHIRLPOOL,EQ,763.25,-4.07,9683.49,3,23.09
MSTCLTD,EQ,735.55,-0.27,5178.27,3.12,23.08
JAINREC,EQ,284.5,-2.38,9817.69,8.07,23.04
GOKEX,EQ,787.8,1.76,5772.81,2.98,23.02
NOCIL,EQ,190.3,-2.57,3178.48,12.03,22.94
BHAGYANGR,EQ,422,-2.36,1350.19,5.41,22.83
TIMETECHNO,EQ,181,-2.09,8934.8,12.61,22.79
RICOAUTO,EQ,134.01,2.84,1812.95,17.12,22.78
ITBEES,EQ,32.26,0.62,3552.53,70.09,22.57
TRANSRAILL,EQ,412.5,-1.13,5538.06,5.48,22.52
PETRONET,EQ,287.2,-0.52,43080,7.82,22.34
AARTIPHARM,EQ,828.3,0.31,7511.01,2.69,22.17
HDFCSML250,EQ,185.29,-0.52,2728.52,11.96,22.08
GSFC,EQ,156.05,0.43,6218.24,14.26,22.02
AMAGI,EQ,580,1.39,12767.31,3.81,21.93
SETFNIF50,EQ,252.88,0.11,209104.04,8.7,21.93
RATEGAIN,EQ,878.55,1.4,10407.57,2.49,21.83
GRWRHITECH,EQ,6921,0.23,16079.14,0.32,21.81
INDSWFTLAB,EQ,389,3.05,3382.8,5.66,21.8
BECTORFOOD,EQ,243.65,-0.45,7479.83,9.03,21.78
THYROCARE,EQ,552.7,-0.9,8797.07,3.95,21.76
RGL,EQ,156.7,0.14,1682.9,13.72,21.65
HINDOILEXP,EQ,185.2,-1.31,2449.15,11.54,21.64
BHARTIHEXA,EQ,1546.1,0.45,77305,1.4,21.61
LXCHEM,EQ,175.7,2.97,4882.96,12.44,21.53
ELECTHERM,EQ,946.5,0.37,1206.11,2.25,21.45
TBOTEK,EQ,1680.8,0.55,18251.44,1.28,21.39
NORTHARC,EQ,306.4,-0.89,4953.38,7,21.36
JSWCEMENT,EQ,118.66,-1.75,16177.69,17.85,21.27
ROLEXRINGS,EQ,172,-0.66,4512.13,12.51,21.27
CASTROLIND,EQ,188,-0.03,18594.42,11.18,21.06
MID150BEES,EQ,237.48,0.36,3995.37,8.95,21.05
SAKAR,EQ,1164.9,4.26,2591.89,1.81,20.94
ARDEE,EQ,50.99,-3.1,1607.21,40.82,20.9
ELGIEQUIP,EQ,618,-0.58,19584.98,3.36,20.83
ATUL,EQ,6250.5,-1.66,18402.57,0.33,20.77
MON100,EQ,333.47,0.08,16811.38,6.24,20.7
JUBLINGREA,EQ,655,-1.74,10432.91,3.14,20.63
UTKARSHBNK,EQ,14.54,-1.76,2587.43,142.52,20.61
ABFRL,EQ,50.5,-0.77,6163.58,41.18,20.59
RBA,EQ,98,1.22,6978.37,21.09,20.57
COHANCE,EQ,439.55,-1.29,16817.07,4.68,20.52
JNPR,EQ,265.9,2.64,15129.67,7.74,20.49
HIKAL,EQ,227,-3.31,2798.93,9.03,20.42
ECLERX,EQ,1899.9,0.01,17868.7,1.08,20.38
HUDCO,EQ,172.35,-0.99,34502.75,11.8,20.34
GANDHAR,EQ,272.75,0.53,2669.66,7.48,20.33
RATNAMANI,EQ,2827,0.14,19815.01,0.72,20.31
STLNETWORK,EQ,36.6,4.99,1786.48,55.8,20.3
LEMONTREE,EQ,105,-0.66,8318.59,19.33,20.24
CESC,EQ,145.45,-1.44,19280.42,13.88,20.19
ASAHIINDIA,EQ,982,0.8,25033.85,2.05,20.17
MOIL,EQ,245.7,-1.79,4999.63,8.21,20.15
VEDPOWER,EQ,33.72,-0.71,13185.83,59.64,20.04
DWARKESH,EQ,44.87,-1.99,831.45,43.83,20.03
SUNDRMFAST,EQ,1281,1.98,26917.44,1.59,19.93
CPSEETF,EQ,94,-0.82,19286.23,21.01,19.84
SARDAEN,EQ,523.5,-2.56,18447.16,3.75,19.74
LASERPOWER,EQ,291.3,0.22,4088.93,6.86,19.73
SENORES,EQ,1470.5,0.51,6772.18,1.35,19.7
PRABHA,EQ,241.2,-2.58,3531.64,8.17,19.68
THELEELA,EQ,534,-3.64,17833.35,3.61,19.67
WELENT,EQ,789,-1.12,10920.85,2.5,19.66
JGCHEM,EQ,594.6,-0.07,2330,3.35,19.65
KSL,EQ,976,0.81,4260.54,2.04,19.64
668GS2040,GS,98.2,0.35,207202,20,19.64
DEEPAKFERT,EQ,1323,-0.94,16701.26,1.48,19.58
HORIZONIND,EQ,55.79,0.43,16083.71,35.66,19.51
UNIVCABLES,EQ,1495,-3.98,5186.96,1.29,19.44
COROMANDEL,EQ,1934.9,-1.38,57091.33,1.01,19.39
ICIL,EQ,442.15,0.61,8756.97,4.43,19.33
INOXGREEN,EQ,178.7,0.33,7174.66,10.96,19.32
WSTCSTPAPR,EQ,714.85,0.67,4721.51,2.72,19.31
STAR,EQ,1180,-3.04,10876.38,1.62,19.3
CORDSCABLE,EQ,374,3,483.5,5.22,19.27
FUSION,EQ,191.25,0.3,3096.56,10.13,19.21
TRIVENI,EQ,255.75,-3.11,5552.85,7.45,19.19
SIS,EQ,417.1,-1.38,5894.92,4.54,19.17
INTELLECT,EQ,684,-0.15,9600.39,2.81,19.15
JTLIND,EQ,88.51,-1.07,3479.17,21.57,19.01
GRAVITA,EQ,1688,-0.63,12458.87,1.14,19
V2RETAIL,EQ,217.95,-0.08,7947.28,8.79,19
STYLEBAAZA,EQ,387.55,-0.36,2949.93,4.89,18.95
ONIXSOLAR,EQ,436.45,-5,1609.1,4.28,18.94
SUPRIYA,EQ,904.4,-1.42,7278.86,2.09,18.82
POCL,EQ,457.95,0.09,3493.16,4.15,18.72
MASTEK,EQ,1618,0.5,5016.83,1.15,18.71
MAFANG,EQ,234,3.68,5786.9,8.02,18.7
BLS,EQ,232.26,-1.43,9563.09,8.04,18.56
RISHABH,EQ,825,1.91,3192.14,2.24,18.54
IXIGO,EQ,158.71,-1.98,7000.46,11.68,18.52
KPRMILL,EQ,1111,-1.45,37975.54,1.67,18.49
APOLLOPIPE,EQ,554.9,-2.54,2444.23,3.29,18.38
PNGJL,EQ,612.15,0.18,9011.01,3,18.33
EMBASSY,RR,439.5,0.12,41659.93,4.17,18.31
MANALIPETC,EQ,85.3,-1.12,1467.15,21.53,18.3
DYCL,EQ,458.3,0.8,2220.86,3.98,18.06
SBCL,EQ,1088,-2.16,6267.34,1.66,18.02
VINDHYATEL,EQ,2822,0.13,3344.31,0.64,18.01
ENTERO,EQ,1811,1.01,7882.03,0.99,17.95
TATACAP,EQ,363,-0.04,154088.75,4.95,17.93
ASHAPURMIN,EQ,542,-0.01,5177.51,3.32,17.89
ROSSTECH,EQ,1227.7,1.75,4628,1.47,17.86
SYNCOMF,EQ,19.59,1.71,1841.46,91.48,17.7
MASPTOP50,EQ,93.5,-2.18,1576.63,18.19,17.66
IRCON,EQ,113.35,-1.61,10660.75,15.56,17.59
SAFARI,EQ,1542,2.69,7555.38,1.16,17.58
IRB,EQ,19.68,-1.16,23769.5,89.84,17.55
JSLL,EQ,512,-1.22,6364.2,3.43,17.54
GNFC,EQ,564.25,-1.14,8291.13,3.1,17.45
CHOICEIN,EQ,758,-1.61,16886.46,2.28,17.4
SAMHI,EQ,157.7,-1.56,3506.61,10.92,17.22
GOLDADD,EQ,14.73,-0.67,2696.21,116.26,17.09
EXCELSOFT,EQ,81.2,1.4,934.48,21.08,17.06
CREDITACC,EQ,1403.3,0.01,22516.56,1.21,17.05
SILVERBETA,EQ,219.2,-2.86,1494.35,7.81,17.02
NIFTYAXIS,EQ,259.95,0.1,1057.27,6.53,16.99
SIGACHI,EQ,37.93,0.99,1449.37,45.02,16.97
MONQ50,EQ,216,8.06,316.98,8.06,16.76
BLUEJET,EQ,569.95,-0.72,10787.77,2.95,16.7
TIPSMUSIC,EQ,660.3,0.29,8440.72,2.52,16.69
JUBLFOOD,EQ,470.25,-0.75,31029.22,3.54,16.64
AVANTIFEED,EQ,800,-1.88,10899.65,2.08,16.63
TI,EQ,521.9,-2.59,12915.66,3.16,16.59
SANDUMA,EQ,190.4,-3.22,9255.44,8.58,16.49
BORORENEW,EQ,495,-1.43,6959.32,3.31,16.46
CCL,EQ,1078.3,-1.69,14398.32,1.53,16.44
J&KBANK,EQ,145.69,-0.05,16043.13,11.32,16.4
GUJTHEM,EQ,424,-1.42,5518.43,3.91,16.38
JKPAPER,EQ,414.35,-0.19,7512.94,3.96,16.36
YATRA,EQ,115.6,1.42,1813.95,14.3,16.34
MOTISONS,EQ,15.99,-0.12,1818.87,102.79,16.24
DIVGIITTS,EQ,1199.9,2.44,3669.65,1.36,16.14
GNA,EQ,549,-0.89,2356.9,2.94,16.08
AJANTPHARM,EQ,3559.9,1.13,44484.16,0.46,16.01
KRBL,EQ,420.7,-0.6,9629.4,3.78,15.92
SIGNATURE,EQ,756,-2.12,10635.86,2.1,15.9
MARSONS,EQ,128,2.09,2202.88,12.65,15.87
MONOLITH,SM,1449,0.18,3149.55,1.08,15.85
KRT,RR,113.11,0.43,50157.49,14.03,15.82
BANKIETF,EQ,58.21,0.59,2992.81,27.02,15.66
GABRIEL,EQ,1344,0.4,23819.72,1.16,15.61
GOLDIAM,EQ,326.4,-0.43,4914.18,4.78,15.5
SHRIPISTON,EQ,4361.1,-1.94,20229.52,0.35,15.5
GROWWPOWER,EQ,11.46,0.88,305.6,137.72,15.47
PGIL,EQ,1192.2,0.25,5506.84,1.31,15.43
EMBDL,EQ,55.38,-3.85,7701.33,27.78,15.42
NSLNISP,EQ,43.76,-0.23,12824.33,35.69,15.41
PRAJIND,EQ,322.5,-1.33,5927.97,4.79,15.39
KPIL,EQ,1436.8,0.34,24536.6,1.07,15.3
INDORAMA,EQ,86.11,3.83,2248.45,17.94,15.28
BFUTILITIE,EQ,549,0.84,2067.95,2.76,15.26
KPL,EQ,3692,5.14,3830.89,0.43,15.2
ENDURANCE,EQ,2695,-0.77,37908.64,0.56,15.15
SFL,EQ,691.65,-0.9,7553.05,2.17,15.02
UNIPARTS,EQ,902,0.91,4073.52,1.68,15.01
NELCO,EQ,945.5,0.85,2157.48,1.6,14.93
PITTIENG,EQ,1164,-0.42,4382.88,1.28,14.79
VIJAYA,EQ,1502.1,0.22,15471.29,0.99,14.77
AVL,EQ,619,2.56,7993.65,2.44,14.75
DANISH,SM,1000,6.79,1969.16,1.49,14.75
GODREJAGRO,EQ,675,0.29,12987.77,2.18,14.66
AVADHSUGAR,EQ,769.8,-3.1,1541.02,1.85,14.63
IKS,EQ,1736.3,-2.66,29790.25,0.83,14.59
TANLA,EQ,504,0.03,6684.75,2.9,14.55
BAGMANE,RR,108.66,0.84,36944.4,13.25,14.42
BEPL,EQ,128.3,-1.53,3192.85,11.27,14.41
ARIS,EQ,125.35,-1.28,1025.29,11.51,14.4
HAPPYFORGE,EQ,2168.4,-2.91,20465.08,0.66,14.4
SPLPETRO,EQ,820.5,-0.92,15428.79,1.77,14.4
MAPMYINDIA,EQ,923.5,-1.74,5057.18,1.54,14.39
ACI,EQ,470.9,-2.01,5813.66,3.07,14.39
IIFLCAPS,EQ,338.7,0.42,10675.11,4.23,14.34
TIMKEN,EQ,3302.2,0.15,24838.73,0.44,14.28
SYNGENE,EQ,383.1,-0.23,15464.57,3.73,14.2
TIMEX,EQ,630,0.46,6359.85,2.26,14.18
AFFLE,EQ,1572,-1.38,22146.24,0.89,14.05
BHARATCOAL,EQ,33.07,-1.05,15400.7,42.57,14.05
SPECTRUM,BE,3022.5,5,4749.51,0.47,13.96
FSL,EQ,248.75,-1.03,17337.65,5.58,13.88
ACC,EQ,1247,-0.58,23417.07,1.12,13.84
WEBELSOLAR,EQ,75.52,0.17,3278.8,18.26,13.82
MODEFENCE,EQ,106.8,-0.76,1345.15,12.97,13.82
HATSUN,EQ,1229.9,2.96,27395.81,1.13,13.78
ETHOSLTD,EQ,2660,-1.02,7117.55,0.52,13.78
IMFA,EQ,1248,-2.43,6733.47,1.1,13.75
SWSOLAR,EQ,180,-1.45,4203.75,7.63,13.7
CMLL,EQ,472.05,0.27,3086.06,2.91,13.67
VGL,EQ,65.21,12.86,336.02,20.57,13.61
STEELXIND,EQ,12.24,0.58,1561.23,110.74,13.59
GARUDA,EQ,182,1.51,1693.36,7.47,13.49
PTC,EQ,153.02,-0.44,4529.52,8.79,13.44
QUESS,EQ,346.15,-2.52,5170.99,3.83,13.44
KPEL,EQ,214.51,-4.29,1454.34,6.19,13.42
BLISSGVS,BE,722,3.08,7673.07,1.91,13.42
DALMIASUG,EQ,418.6,-2.99,3388.12,3.13,13.34
AEROENTER,EQ,138.55,2.62,1567.89,9.81,13.28
MANYAVAR,EQ,584,1.28,14189.93,2.3,13.26
PRUDENT,EQ,3420,3.05,14161.08,0.39,13.16
SUVEN,EQ,358.95,-0.49,10142.59,3.7,13.12
LCL,EQ,547,-2.54,5779.06,2.38,13.11
NIFTYIETF,EQ,265.97,0.05,43648.81,4.94,13.09
BERGEPAINT,EQ,458.5,-1.14,53461.23,2.84,13.08
SAPPHIRE,EQ,223.98,-0.06,7198.33,5.82,13.04
INDGN,EQ,580.4,0.53,13985.71,2.26,13.01
TIIL,EQ,3256,3.13,7382.26,0.4,12.99
OMAXE,EQ,123.03,0.5,2250.23,10.63,12.97
KELLTONTEC,EQ,13.82,2.29,729.43,91.42,12.94
SETFNIFBK,EQ,582.9,0.7,3655.65,2.22,12.88
ALKYLAMINE,EQ,1863,-2.98,9528.53,0.68,12.76
SUMICHEM,EQ,476.05,-1.01,23761.83,2.7,12.74
ELECTCAST,EQ,77.9,-2.45,4815.66,16.41,12.7
SILVERADD,EQ,21.95,-2.66,1437.66,58.17,12.68
PGINVIT,IV,102,-0.05,9281.99,12.36,12.61
FIRSTCRY,EQ,169.29,-1.22,8838.43,7.49,12.61
ZFCVINDIA,EQ,2536.1,0.3,28862.21,0.5,12.58
ELECON,EQ,423,0.59,9492.12,2.98,12.52
TECHNOE,EQ,975,0.43,11339.21,1.28,12.44
YATHARTH,EQ,969,-0.84,9336.74,1.29,12.43
ATLANTAELE,EQ,1785.3,-1.11,13728.35,0.7,12.41
ANDHRAPAP,EQ,73.6,1.41,1463.54,17.05,12.38
ESCORTS,EQ,2895,-2.14,32388.61,0.43,12.36
CEATLTD,EQ,3285,-0.32,13287.86,0.38,12.34
FEDFINA,EQ,158.9,0.01,5960.33,7.77,12.28
ALLCARGO,EQ,12.18,-0.65,1824.29,100.87,12.24
AVANTEL,EQ,156.75,-1.46,4165.02,7.82,12.22
RADHIKAJWE,EQ,83.98,-0.2,990.96,14.74,12.22
UCOBANK,EQ,24.1,0.71,30220.34,50.92,12.2
CARBORUNIV,EQ,1076.5,-1.26,20507.9,1.14,12.19
SGMART,EQ,750.8,-2.05,9462.72,1.6,12.09
POLYMED,EQ,1739,-0.5,17626.42,0.7,12.08
SUNDARMFIN,EQ,4700,-0.06,52218.81,0.26,12.07
UFLEX,EQ,655,-2.62,4729.85,1.84,12.06
IDEAFORGE,EQ,734.8,-1.16,3652.58,1.64,12
RUSTOMJEE,EQ,346,-1.28,4368.28,3.51,11.99
CMSINFO,EQ,224.5,-0.31,3593.42,5.32,11.97
ARTEMISMED,EQ,345.7,-0.82,5471.52,3.47,11.96
SKFINDUS,EQ,2916,-0.66,14416.11,0.41,11.89
RAINBOW,EQ,1450,-0.69,14727.16,0.82,11.89
BIRET,RR,334.5,-0.92,27759.52,3.5,11.8
DEEDEV,EQ,643.05,-1.59,4838.27,1.84,11.79
ANAWIL,SM,462,-0.66,1154.99,2.57,11.78
BHAGERIA,BE,318.25,5,1388.98,3.96,11.75
ZYDUSWELL,EQ,548.8,-3.09,17460.66,2.11,11.75
JKTYRE,EQ,355,-0.74,10234.28,3.31,11.7
SOBHA,EQ,1219.8,-1.29,13043.66,0.96,11.67
IGL,EQ,151.75,-1.11,21245.02,7.66,11.64
CHALET,EQ,881,0.74,19293.38,1.34,11.63
CRIZAC,EQ,187.5,4.34,3280.92,6.32,11.63
NEXT50BETA,EQ,78.25,-0.11,2292.46,14.79,11.47
KLBRENG-B,EQ,488,2.22,2552.87,2.38,11.42
RAILTEL,EQ,261,-0.65,8376.49,4.4,11.38
CENTUM,EQ,4239.4,0.69,6258.21,0.27,11.37
WAKEFIT,EQ,155,1.68,5140.5,7.32,11.36
VTL,EQ,565.4,-1.77,16366.96,2.01,11.34
HDBFS,EQ,670.85,-1.01,55731.87,1.69,11.28
CRISIL,EQ,4698,-0.5,34356.48,0.24,11.27
EQUITASBNK,EQ,73.67,1.43,8427.35,15.36,11.16
AURIONPRO,EQ,686,2.21,3790.95,1.64,11.15
BLSE,EQ,310,-2.08,2816.55,3.56,11.11
CENTRALBK,EQ,30.82,0,27896.42,36.17,11.09
SANGHVIMOV,EQ,423.8,-2.38,3669.09,2.56,10.94
KAJARIACER,EQ,1228.8,-1.21,19309.74,0.89,10.89
GLAXO,EQ,2818.9,-0.77,47753.87,0.38,10.87
APOLLOTYRE,EQ,418.1,-0.35,26553.57,2.61,10.85
RTNPOWER,EQ,7.2,-0.69,3866.48,150.83,10.81
CEWATER,EQ,284,1.46,587.77,3.79,10.81
MEDANTA,EQ,1445.6,-0.96,38868.1,0.75,10.81
SGFIN,EQ,660.9,-1.65,4355,1.63,10.76
AYE,EQ,179,0.51,4417.46,6.07,10.74
LTTS,EQ,3350,-0.83,35535.98,0.32,10.72
NTPCGREEN,EQ,87.35,-0.42,73603.99,12.31,10.68
RELIGARE,EQ,256.25,-0.98,8530.32,4.16,10.65
GAJA,EQ,152,-2.14,2143.36,6.96,10.62
ELITECON,EQ,8.19,5,1309.17,130.24,10.61
DHAMPURSUG,EQ,163.9,-1.46,1053.98,6.44,10.6
SHANTIGEAR,EQ,722.3,-0.43,5541.19,1.46,10.55
FIEMIND,EQ,2002.6,0.8,5270.78,0.53,10.5
IZMO,EQ,910.5,1.14,1363.96,1.18,10.47
ALGOQUANT,EQ,65.5,2.44,1841.18,16.31,10.44
GREAVESCOT,EQ,191.95,-0.85,4471.5,5.44,10.43
UTIAMC,EQ,910.45,-1.19,11702.84,1.14,10.36
ALIVUS,EQ,1388.8,-0.1,17050.5,0.74,10.3
VMARCIND,SM,357.2,2.32,5233.84,2.91,10.28
NETWORK18,EQ,26.65,-0.67,4109.43,38.39,10.23
KIRLOSBROS,EQ,1790,-1.56,14214.2,0.57,10.16
GRMOVER,EQ,84.5,-3.41,1750.92,11.79,10.07
ICRA,EQ,4720,-0.13,4555.38,0.21,10.06
CEIGALL,EQ,381.6,0.79,6647.66,2.66,10.01
EASEMYTRIP,EQ,5.83,0.69,2323.05,171.29,9.99
MERCURYEV,EQ,41.65,0.1,791.24,23.52,9.96
MBAPL,EQ,159.91,-0.8,7006.21,6.13,9.86
RAMBHAJO,EQ,269.9,0.89,1236.41,3.69,9.85
RML,EQ,1358,-3.61,3753.12,0.72,9.85
JSWDULUX,EQ,3154.5,-0.79,14365.69,0.31,9.83
KIMS,EQ,767.5,-0.69,32235.5,1.28,9.82
SURYAROSNI,EQ,214.35,-0.79,4665.03,4.55,9.8
LMW,EQ,17845,1.31,19063.81,0.06,9.77
VGUARD,EQ,325.35,-1.03,14215.03,3.03,9.77
PARACABLES,EQ,64.77,-1.4,2119.53,15.13,9.76
LIQUIDETF,EQ,1000,0,473.16,0.97,9.74
PFOCUS,EQ,309.3,-1.36,24087.48,3.13,9.73
KUSUMGAR,EQ,565.05,-0.17,5932.54,1.7,9.68
ALOKINDS,EQ,7.4,0,3674.28,132.01,9.66
PROTEAN,EQ,492,-0.15,1998.56,1.95,9.64
POWERICA,EQ,568.75,-1.23,7197.64,1.69,9.63
APLLTD,EQ,807,-1.15,15862.64,1.19,9.61
MAITHANALL,EQ,1050.35,-0.5,3057.73,0.92,9.6
DECCANCE,EQ,572.95,0.21,802.56,1.61,9.58
PANAMAPET,EQ,483,-1.76,2921.84,1.96,9.53
KINGFA,EQ,6215,-0.2,8422.18,0.15,9.52
OPTIEMUS,EQ,567.75,1.81,5067.8,1.69,9.48
RCF,EQ,111.5,-0.95,6151.32,8.54,9.48
JWL,EQ,239.94,-0.67,10254.33,3.94,9.43
KRMAYURVED,SM,306.3,4.24,651.22,3.11,9.41
KAVDEFENCE,EQ,69.37,-7.22,417.08,13.21,9.36
SILVERAG,EQ,221.12,-2.99,1193.45,4.24,9.32
NAVA,EQ,552,-1.14,15638.86,1.69,9.31
CSBBANK,EQ,305,-0.85,5291.32,3.04,9.28
MANAKCOAT,EQ,128.8,3.56,1373.45,7.34,9.28
GAEL,EQ,163.19,-0.98,7485.05,5.69,9.26
SPARC,EQ,196.54,-0.19,6377.72,4.76,9.26
POWERMECH,EQ,2408,1.2,7613.2,0.39,9.25
KOPRAN,EQ,237.6,0.75,1147.31,4,9.24
AGARWALEYE,EQ,506.1,-0.44,16044.7,1.83,9.23
ALLTIME,EQ,221.1,5.21,1448.38,4.32,9.23
CANHLIFE,EQ,151.5,-0.56,14392.5,6.03,9.15
AIMTRON,SM,1771.5,1.31,3692.05,0.51,9.02
AADHARHFC,EQ,456.8,-1.28,20017.28,1.98,9.02
PICCADIL,EQ,600.3,-0.03,5917.29,1.5,9.01
GROWWRAIL,EQ,27.44,-0.72,177.49,32.97,8.97
GOCLCORP,EQ,443,2.5,2196.06,2.04,8.92
PRINCEPIPE,EQ,266.85,-4.66,2950.32,3.29,8.87
STALLION,BE,225,-3.95,2611.93,3.89,8.8
CAPACITE,EQ,191.9,-2.22,1623.55,4.56,8.8
DIGJAMLMTD,EQ,67.7,9.48,135.4,12.83,8.74
GSPCROP,EQ,471.4,0.14,2192.89,1.84,8.74
CHOLAHLDNG,EQ,1539,0.46,28898.95,0.57,8.71
DBREALTY,EQ,97.8,-2.39,5304.74,8.89,8.7
STOVEKRAFT,EQ,819,-2.51,2711.49,1.06,8.69
ARSSBL,EQ,492.05,-1.99,3103.18,1.77,8.68
FLYSBS,SM,709,3.14,1226.84,1.26,8.64
FINEORG,EQ,5170.5,0.28,15852.74,0.17,8.63
SHUKRAPHAR,EQ,54,0.06,2373.92,15.77,8.58
GIPCL,EQ,200.45,1.65,3111.3,4.28,8.5
LATENTVIEW,EQ,253.4,-0.94,5243.48,3.35,8.48
MGL,EQ,1085.6,-1.38,10723.32,0.77,8.35
PHARMABEES,EQ,27.38,0.4,1736.19,30.64,8.35
VINATIORGA,EQ,1296,-1.25,13435.07,0.64,8.32
CARERATING,EQ,1660,-1.95,4999.66,0.5,8.28
KIRLPNU,EQ,719,-0.1,9341.71,1.15,8.27
BOSCH-HCIL,EQ,1712,1.31,4655.08,0.49,8.25
BCG,EQ,10,-0.99,2017.92,82,8.23
PENIND,EQ,175.45,-1.07,2367.63,4.71,8.23
SILVERTUC,EQ,154.8,1.84,1963.02,5.3,8.16
TMB,EQ,909.75,-1.5,14406.02,0.9,8.15
PSUBNKBEES,EQ,93.36,-0.19,4079.84,8.75,8.13
POLYPLEX,EQ,1128,0.24,3541.07,0.72,8.12
ASKAUTOLTD,EQ,625,0.42,12321.41,1.3,8.12
OSWALPUMPS,EQ,283.5,-0.04,3232.04,2.9,8.1
SHARDAMOTR,EQ,945,-0.13,5425.03,0.87,8.1
KDDL,EQ,3867.8,-0.61,4757.12,0.2,7.97
BIKAJI,EQ,549.75,-2.9,13784.23,1.43,7.89
SJVN,EQ,66.15,-1.56,25995.6,11.88,7.88
BAYERCROP,EQ,3985.6,0.18,19970.74,0.2,7.88
MASFIN,EQ,298.4,1.34,5414.57,2.68,7.88
ROUTE,EQ,493.5,-1.45,3109.2,1.59,7.86
KNACK,EQ,182.9,-2.17,2238.06,4.29,7.86
TURTLEMINT,EQ,135.77,2.98,3998.14,5.89,7.86
CARYSIL,EQ,1166.3,-1.04,3317.26,0.68,7.81
SHREEPUSHK,EQ,487.5,-0.83,1576.46,1.57,7.74
MINDACORP,EQ,707,0.55,16902.92,1.1,7.73
TATVA,EQ,1602.1,-3.32,3747.64,0.48,7.72
NEXT50IETF,EQ,76.57,-0.17,2681.6,10.14,7.71
JYOTHYLAB,EQ,195.1,-0.28,7164.36,3.94,7.69
MANGLMCEM,EQ,1025.1,-0.16,2818.75,0.75,7.69
ASHOKA,EQ,113.99,0.41,3199.96,6.83,7.68
KSB,EQ,802,-0.27,13957.95,0.95,7.61
AAVAS,EQ,1271.5,-1.14,10082.27,0.59,7.58
LIQUID,EQ,999.99,0,497.78,0.76,7.57
FMCGIETF,EQ,48.58,-0.14,744.61,15.58,7.57
VERANDA,EQ,223.9,-2.87,2157.3,3.35,7.56
UTLSOLAR,EQ,446.2,1.12,13693.96,1.7,7.55
WINDLAS,EQ,1129.5,0.01,2330.86,0.67,7.54
HDFCBSE500,EQ,36.82,0.05,107.05,20.48,7.53
AIAENG,EQ,4099.9,-0.4,38260.42,0.18,7.52
DELTACORP,EQ,54.23,-0.2,1452.12,13.94,7.51
BFSI,EQ,26.6,0.49,387,28.29,7.49
HONAUT,EQ,34700,1.61,30680.08,0.02,7.48
GREENPANEL,EQ,153.5,-4.06,1882.33,4.84,7.48
AARTIDRUGS,EQ,428.3,-1.99,3909.09,1.73,7.47
DAVANGERE,EQ,2.1,9.95,300.3,360.81,7.47
KRISHNADEF,EQ,1065.6,-0.41,1592.83,0.7,7.46
PACEDIGITK,EQ,158.37,-0.4,3418.44,4.74,7.45
SINDHUTRAD,EQ,24.15,1.43,3723.76,31.1,7.45
WAAREERTL,EQ,835,0.14,8715.66,0.9,7.44
EVEREADY,EQ,361.1,-1.39,2624.74,2.06,7.43
PVP,EQ,64.9,-1.82,1690.02,11.58,7.43
GOKULAGRO,EQ,226.9,0.22,6695.52,3.3,7.42
PGHH,EQ,7520,-0.81,24410.47,0.1,7.4
RALLIS,EQ,201.76,-0.64,3923.6,3.66,7.39
LUMAXIND,EQ,5887,0.44,5503.01,0.12,7.3
IGIL,EQ,314.95,1.21,13610.87,2.34,7.29
SHILCTECH,EQ,4135.5,-0.56,4731.09,0.18,7.29
ALEMBICLTD,EQ,105.3,-1.13,2703.91,6.99,7.28
LINDEINDIA,EQ,6250,0.36,53302.64,0.12,7.28
EMUDHRA,EQ,492.95,-0.99,4082.2,1.47,7.25
VISHNU,EQ,714.9,-1.23,4812.37,1.01,7.24
STYRENIX,EQ,2113,-1.4,3715.84,0.34,7.22
SCHAEFFLER,EQ,3950,0.25,61739.95,0.18,7.21
RSL,EQ,191,2.3,1596.14,3.79,7.17
METROPOLIS,EQ,583,-2.12,12090.7,1.21,7.13
GOACARBON,EQ,412.15,-6.38,377.16,1.64,7.13
SIRCA,EQ,426,-1.29,2419.37,1.66,7.12
DALBHARAT,EQ,1754,0.5,32899.07,0.41,7.12
JYOTISTRUC,EQ,9.73,-2.51,1161.43,72.94,7.12
TEMBO,EQ,56.01,-1.94,1038.72,12.6,7.09
INDIGRID,IV,173.99,0.08,16573.67,4.06,7.05
SHARDACROP,EQ,765.95,-1.97,6910.44,0.91,6.97
ADVAIT,EQ,2070,0.7,2265.2,0.34,6.96
TALBROAUTO,EQ,424,1.04,2617.27,1.64,6.94
GAYAPROJ,EQ,26.04,5,1209.03,26.86,6.92
BANKBETF,EQ,57.45,0.24,393.53,11.96,6.89
MPSLTD,EQ,2601,-3.88,4449.22,0.26,6.87
MMTC,EQ,62.31,0.13,9346.5,11.17,6.87
TEXMOPIPES,EQ,60.25,6.75,175.9,11.34,6.86
IFBIND,EQ,1304,1.62,5283.65,0.53,6.84
BATAINDIA,EQ,649.95,-0.51,8353.65,1.05,6.81
CELLO,EQ,333.9,-1.48,7530.72,2.04,6.81
SANATHAN,EQ,472.1,-2.28,3984.72,1.43,6.81
VOEPL,EQ,516,-2.98,1680.39,1.33,6.81
ORCHPHARMA,EQ,990.85,-2.48,5025.5,0.69,6.8
GROWWLIQID,EQ,110.75,0.06,113.36,6.14,6.8
ARFIN,EQ,86.61,-1.66,1461.31,7.91,6.79
SMALLCAP,EQ,49.32,-0.24,979.39,13.84,6.78
CMRGREEN,EQ,216.5,-1.79,4742.55,3.12,6.76
MVGJL,EQ,196.9,-5.69,961.81,3.33,6.72
TIRUMALCHM,EQ,157.5,-0.01,1898.71,4.32,6.72
GHCLTEXTIL,EQ,131.29,-0.94,1254.95,5.1,6.7
GVPIL,EQ,652.25,-0.34,4384.91,1.02,6.66
VIVIDEL,SM,1988,5.29,1766.89,0.35,6.66
GULFOILLUB,EQ,1065.4,-0.71,5279.65,0.63,6.64
BASF,EQ,3669,-0.52,15881.5,0.18,6.63
INDRAMEDCO,EQ,355,-1.39,3254.39,1.85,6.54
PREMEXPLN,EQ,667.5,0.07,3588.56,0.98,6.54
EMSLIMITED,EQ,382.6,-2.25,2124.61,1.71,6.53
GROWWGOLD,EQ,14.81,-0.67,457.28,44.11,6.52
ORIENTHOT,EQ,141.1,0.92,2520.03,4.67,6.52
GROWWSLVR,EQ,22.25,-2.92,310.6,29.36,6.49
XPROINDIA,EQ,1285.9,1.61,3018.06,0.51,6.49
DBL,EQ,403.15,-1.13,6548.96,1.61,6.48
EIMCOELECO,EQ,2320.4,1.27,1338.5,0.28,6.46
GOLDBETA,EQ,127.55,-0.74,4481.24,5.07,6.46
VIPIND,EQ,301,-0.18,4275.82,2.16,6.45
RITES,EQ,209.6,-0.57,10073.46,3.09,6.45
JUSTDIAL,EQ,669.9,0.17,5697.43,0.97,6.45
BANCOINDIA,EQ,613.5,-0.97,8775.34,1.05,6.45
GILLETTE,EQ,7305,-1.09,23803.5,0.09,6.42
STYLAMIND,EQ,3301.2,-0.28,5594.89,0.19,6.4
JISLJALEQS,EQ,29.78,-0.8,2128.11,21.68,6.4
ADVENZYMES,EQ,293.25,-3.33,3283.7,2.16,6.38
GRAUWEIL,EQ,76.5,0.03,3468.6,8.39,6.35
IOB,EQ,33.11,0.76,63758.57,19.27,6.35
HIRECT,EQ,1241,-0.63,4400.41,0.52,6.34
REFEX,EQ,273.5,1.32,3752.95,2.34,6.33
E2ERAIL,SM,353,-2.92,609.19,1.77,6.29
BSLGOLDETF,EQ,133.38,-0.71,3160.88,4.73,6.29
INTERARCH,EQ,1726,-0.2,2902.62,0.36,6.29
MIDWESTLTD,EQ,1007,-5.49,3641.39,0.61,6.28
RIR,EQ,180,1.48,1432.3,3.53,6.25
ALPHA,EQ,54.1,-0.31,925.25,11.6,6.24
GANECOS,EQ,1014.1,-3.29,2717.38,0.61,6.21
DREDGECORP,EQ,1044,1.29,2923.2,0.6,6.17
TARC,EQ,131,1.9,3865.76,4.73,6.17
AGI,EQ,764,-1.81,4942.88,0.8,6.15
SANDHAR,EQ,618.15,-0.82,3720.69,0.99,6.13
DOMS,EQ,2120,-2.11,12865.93,0.29,6.08
AGIIL,EQ,273.85,-1.03,3423.05,2.23,6.08
JAIBALAJI,EQ,65.43,-3.11,5968.9,9.34,6.08
MEDICAMEQ,EQ,320.1,4.1,434.15,1.92,6.04
MINDSPACE,RR,492.78,0.07,32621.71,1.22,6.03
INDOBORAX,EQ,484.5,0.22,1554.76,1.25,6.01
INDIGOPNTS,EQ,1083.6,0.54,5172.31,0.56,6.01
MAYURUNIQ,EQ,742.5,-1.86,3226.36,0.8,6
KRISHANA,EQ,180.17,-1.81,5569.74,3.31,5.99
MUKKA,EQ,32.8,7.29,984,19.1,5.97
ANONDITA,SM,1133,0.41,2049.21,0.53,5.96
SURYODAY,EQ,147.2,-2.56,1564.59,4,5.92
PARKHOSPS,EQ,279.9,-0.32,12089.74,2.12,5.91
ASTEC,EQ,696.9,-2.64,1552.89,0.84,5.9
MIDCAPETF,EQ,23.42,0.04,1874.81,25.35,5.89
CEINSYS,EQ,706,3.07,1478.2,0.84,5.87
EMPOWER,EQ,2.29,4.57,266.51,257.14,5.86
MAXESTATES,EQ,559,-0.13,9143.28,1.05,5.85
BIRLACORPN,EQ,825,-1.4,6352.94,0.7,5.8
UTTAMSUGAR,EQ,279.15,-0.27,1064.63,2.06,5.79
CUBEINVIT,IV,156.85,-0.05,21081.73,3.69,5.78
FEDDERSHOL,EQ,48.51,0.19,977.07,11.82,5.76
KSCL,EQ,721,0.41,3708.76,0.81,5.74
NXST,RR,167,-0.58,25300.5,3.44,5.74
ANUP,EQ,1667,-3.05,3339.25,0.34,5.73
RAMRAT,EQ,533.25,-0.65,4977.84,1.08,5.71
SOMANYCERA,EQ,566.7,1.25,2324.2,1.01,5.7
FOSECOIND,EQ,6222,0.45,4689.68,0.09,5.67
FINKURVE,EQ,73.01,9.41,1023.19,7.94,5.66
MEDIASSIST,EQ,318.65,-0.75,2380.37,1.78,5.62
EUREKAFORB,EQ,394.95,-0.6,7641.07,1.42,5.61
MBEL,EQ,255,-1.68,1457.6,2.2,5.6
DIFFNKG,EQ,450.4,0.19,1685.68,1.24,5.59
SPAL,EQ,1026.9,-0.27,2581.51,0.55,5.59
MOL,EQ,63.21,1.06,1607.52,9.04,5.58
CRAMC,EQ,239.4,-0.27,4774.05,2.35,5.58
SWANDEF,BE,2734,2.67,14403.3,0.2,5.53
EBBETF0430,EQ,1609.99,-0.14,24872.61,0.34,5.52
VMART,EQ,805.2,-1.54,6407.41,0.68,5.5
INA,EQ,92.9,-0.11,2047.97,5.94,5.5
APCOTEXIND,EQ,603.7,-0.02,3129.88,0.92,5.49
LTGILTBEES,EQ,29.77,-0.23,2404.73,18.45,5.49
GODIGIT,EQ,255,1.69,23591.19,2.16,5.48
ACCENTMIC,SM,727,2.84,1744,0.77,5.47
GLOBUSSPR,EQ,840,0.29,2642.75,0.66,5.46
PRAMODINI,SM,120,-5.66,264.55,4.45,5.42
SUNLITE,SM,680.1,-3.6,938.94,0.81,5.39
HUHTAMAKI,EQ,255,-2.69,1925.81,2.12,5.37
VIDYAWIRES,EQ,88.6,-1.78,1884.45,6.06,5.36
MWL,EQ,41.51,4.93,1232.87,13.44,5.34
LANDMARK,EQ,486,0.39,2015.19,1.11,5.32
INDIASHLTR,EQ,657.15,-2.23,7160.75,0.81,5.31
GALAXYSURF,EQ,2189,-2.6,7761.05,0.24,5.31
WAAREEINDO,EQ,251.5,-2.61,1046.33,2.07,5.27
SASKEN,EQ,1777,-0.03,2699.53,0.3,5.24
NIBE,EQ,1280.2,-1.39,1953.75,0.41,5.22
DCXINDIA,EQ,167.8,0.14,1869.06,3.15,5.22
ELIQUID,EQ,1047.59,0.05,62.18,0.5,5.22
3MINDIA,EQ,32595,-0.63,36718.5,0.02,5.22
WEWORK,EQ,670.85,-0.9,9297.33,0.78,5.21
EPACK,EQ,186,-1.14,1789.85,2.81,5.21
SETFNN50,EQ,772.98,-0.62,2994.33,0.67,5.2
GMRP&UI,EQ,94.05,-2.55,7345.47,5.5,5.2
MIIL,EQ,682,-0.76,1481.56,0.76,5.18
ORIANA,SM,1212,-0.83,2462.68,0.42,5.17
MOCAPITAL,EQ,54.04,0.76,250.88,9.71,5.17
GODREJIND,EQ,1129.9,0.68,38060.8,0.46,5.17
BLUSPRING,EQ,131.9,-4.04,1971.93,3.88,5.16
SUPRAJIT,EQ,490,-2.06,6721.79,1.06,5.15
MEDPLUS,EQ,660.45,0.36,7934.45,0.78,5.14
VALIANTORG,BE,396.3,4.99,1111.01,1.34,5.13
KIOCL,EQ,356.85,-3,21687.6,1.43,5.11
636GS2031,GS,99,0,121770,5.15,5.1
PATELENG,EQ,26.73,-0.52,2652,19.16,5.07
INNOVACAP,EQ,1153,-1.23,6598.03,0.44,5.06
RFBL,ST,89,-1.28,207.5,5.49,5.06
PNCINFRA,EQ,175.09,-1.31,4491.74,2.87,5.04
RAMCOIND,EQ,323,1.08,2804.98,1.58,4.99
THOMASCOOK,EQ,107.1,-1.15,5037.78,4.63,4.98
BOMDYEING,EQ,111.1,-1.25,2294.6,4.48,4.96
CONTROLPR,EQ,583,1.75,932.46,0.85,4.96
MEDICO,EQ,37.43,5.67,310.61,13.43,4.94
TARSONS,EQ,310.15,-2.36,1650.19,1.6,4.93
NIFTYETF,EQ,255.17,0.03,5368.03,1.93,4.92
HITECH,EQ,76.41,-1.28,1551.95,6.44,4.91
CARRARO,EQ,535.25,-3.03,3042.98,0.91,4.9
NILKAMAL,EQ,2050,-1.32,3059.12,0.24,4.9
INDIAGLYCO,BE,294.9,-4.99,1976.62,1.64,4.89
MUNJALAU,EQ,106.97,-2.02,1069.7,4.58,4.88
VIKRAN,EQ,57.1,-0.94,1472.67,8.57,4.87
FINPIPE,EQ,153.7,-0.41,9536.73,3.16,4.86
BUILDPRO,EQ,1258.4,-1.08,3051.54,0.39,4.86
TRIDENT,EQ,23.48,-0.47,11965.3,20.78,4.85
RPGLIFE,EQ,2696,-3.12,4458.92,0.18,4.85
RTNINDIA,EQ,27.9,1.09,3856.53,17.57,4.84
GHCL,EQ,421.95,-0.65,3887.45,1.15,4.83
ADOR,EQ,1610.3,-0.81,2802.38,0.3,4.82
AGL,EQ,15.25,-1.68,1498.74,31.54,4.82
INGERRAND,EQ,4570.3,-0.75,14427.52,0.11,4.82
AUTOBEES,EQ,283.5,-0.36,473.37,1.7,4.81
EUROPRATIK,EQ,254.1,2.56,2596.9,1.96,4.81
OBSCP,SM,965,-0.68,2494.1,0.5,4.79
FACT,EQ,779.9,-1.27,50465.14,0.61,4.78
AJMERA,EQ,117.25,-1.25,2307.43,4.11,4.78
SULA,EQ,137.42,-0.62,1160.47,3.5,4.77
HARSHA,EQ,446,-0.27,4060.57,1.08,4.76
STYL,EQ,390.45,1.18,6317.71,1.24,4.75
QLINE,SM,725,1.41,1691.29,0.66,4.74
VIMTALABS,EQ,631,-0.62,2819.74,0.75,4.72
HEIDELBERG,EQ,150.4,-0.92,3408.26,3.14,4.7
TVSSRICHAK,EQ,5199,-0.45,3980.9,0.09,4.69
STARCEMENT,EQ,195.02,0.17,8043.19,2.4,4.68
GANESHCP,EQ,165.8,-0.71,670.05,2.78,4.67
FDC,EQ,342,-0.97,5568.1,1.36,4.67
JASH,EQ,515,-1.24,3254.48,0.91,4.65
MONARCH,EQ,375.6,1.25,2978.82,1.26,4.65
MODISONLTD,BE,504.4,-2.02,1636.78,0.92,4.65
ANDHRSUGAR,EQ,96.4,-0.1,1306.56,4.86,4.65
VERTIS,IV,116,0,17515.81,4,4.64
CHEMICAL,EQ,30.05,-0.17,111.5,15.12,4.53
SESHAPAPER,EQ,251.92,2.01,1588.81,1.8,4.52
COSMOFIRST,EQ,874,-0.76,2294.23,0.52,4.52
MMFL,EQ,635.15,-1.39,3066.61,0.71,4.49
BBTC,EQ,1430,-0.33,9977.38,0.32,4.49
PSPPROJECT,EQ,849.7,-1.77,3368.36,0.53,4.48
CNL,EQ,1120,3.1,1681.87,0.4,4.47
GREENPLY,EQ,290,-2.26,3622.16,1.52,4.39
BAJAJHCARE,EQ,333.1,0.39,1121.39,1.31,4.38
SREEL,EQ,333.27,-10,771.69,1.29,4.37
HEXT,EQ,497,-1.18,30367.49,0.88,4.36
SOUTHWEST,EQ,213.11,-1.42,635.71,2.03,4.35
PVTBANIETF,EQ,27.88,1.23,4195.91,15.74,4.35
INDOTECH,EQ,3515,-2.43,3732.93,0.12,4.33
DOLPHIN,EQ,648.1,-0.9,2592.7,0.67,4.33
DDEVPLSTIK,EQ,256,0,2649,1.69,4.32
MMP,EQ,475,6.07,1206.62,0.94,4.32
NESCO,EQ,1097.1,0.54,7730.16,0.39,4.29
TIL,BE,252.8,2.66,2079.65,1.71,4.28
THEJO,EQ,2185,-0.56,2370.3,0.19,4.28
KIRLFER,EQ,464.95,-0.25,7668.03,0.92,4.26
JARO,EQ,452.4,-0.84,1007.51,0.94,4.25
RHIM,EQ,375.65,-0.15,7757.23,1.13,4.23
AJAXENGG,EQ,590,0.08,6750,0.72,4.22
UTSSAV,SM,536,4.04,1294.33,0.8,4.22
CAMPUS,EQ,214.15,0.22,6546.13,1.97,4.21
JAYKAY,EQ,167,1.16,2175.79,2.56,4.19
TRUALT,EQ,414,-1.35,3550.16,1,4.18
SHINDL,EQ,164.75,1.71,646.06,2.59,4.17
SEPC,EQ,5.29,0,1015.88,79.63,4.16
PGHL,EQ,5400,-0.47,8963.67,0.08,4.16
MAWANASUG,EQ,133.95,-1.29,523.97,3.08,4.16
BBL,EQ,2249.9,0.84,2543.09,0.19,4.14
SUNFLAG,EQ,338.1,-1.83,6093.22,1.23,4.14
SHIVALIK,EQ,364,-0.76,573.31,1.15,4.14
ALPEXSOLAR,SM,940,4.57,2401.04,0.45,4.11
ORISSAMINE,EQ,3980,-2.32,2388,0.1,4.11
PATILAUTOM,SM,314,-2.39,685.17,1.31,4.09
NACLIND,EQ,158.29,-0.75,3707.84,2.59,4.09
NITINSPIN,EQ,652,0.85,3665.54,0.63,4.07
PANORAMA,EQ,53.05,0.25,1382.14,7.55,4.06
PAUSHAKLTD,EQ,728,-0.82,1795.02,0.56,4.06
SBFC,EQ,98.29,-0.19,10892.56,4.12,4.03
PNGSREVA,EQ,517.15,2.47,1639.28,0.79,4.02
DPEL,SM,638.75,-0.49,1594.64,0.63,4.01
VAIBHAVGBL,EQ,213.4,-1.19,3576.96,1.88,3.99
TSFINV,EQ,436.6,-1.03,9697.05,0.92,3.97
CAMLINFINE,EQ,101.92,-1.59,1957.85,3.89,3.95
RAJRATAN,EQ,499.65,-1.96,2536.77,0.79,3.95
TTML,EQ,35.7,-0.58,6979.09,11.03,3.92
JAYBARMARU,EQ,116.94,-0.5,1265.88,3.33,3.91
WCIL,EQ,87.45,3.59,891.6,4.46,3.9
YUKEN,EQ,1110,2.24,1507.82,0.35,3.9
SPORTKING,EQ,214.85,-0.45,2730.14,1.82,3.89
DCW,EQ,46.6,-0.98,1375.42,8.39,3.88
TTKHLTCARE,EQ,1115,-1.71,1575.53,0.34,3.86
DBOL,EQ,118.76,-1.35,788.42,3.21,3.86
SOLARWORLD,EQ,141.92,0.67,1230.06,2.77,3.86
GUJALKALI,EQ,705.2,-1.89,5178.77,0.54,3.85
WONDERLA,EQ,522,0.57,3312.88,0.73,3.82
CENTENKA,EQ,566,-0.54,1236.74,0.68,3.81
PRIMO,EQ,23.56,8.57,570.96,16.06,3.81
PURVA,EQ,213,-0.54,5051.29,1.8,3.81
SWARAJ,BE,335.15,-4.99,885.41,1.11,3.81
CIEINDIA,EQ,379.2,-0.68,14385.42,1,3.8
MACPOWER,EQ,1858,-0.66,1858.77,0.21,3.79
QGOLDHALF,EQ,125.35,-0.85,784.19,3.02,3.79
JKLAKSHMI,EQ,505.75,-0.03,6278.6,0.75,3.78
BETA,EQ,2130,2.12,2361.29,0.18,3.78
ISGEC,EQ,799.2,-1.35,5876.48,0.47,3.77
REPCOHOME,EQ,361.9,2.29,2264.1,1.06,3.77
SSDL,EQ,62.25,-8.24,246.51,5.6,3.77
GARFIBRES,EQ,786,0.19,7675.16,0.47,3.77
MARATHON,EQ,436,-0.57,2939.54,0.87,3.77
NIVABUPA,EQ,79.5,0.1,14704.68,4.73,3.76
KAPSTON,EQ,589.65,0.8,1794.43,0.64,3.74
MAHLIFE,EQ,351.15,-2.36,7492.62,1.06,3.74
HPL,EQ,294,-0.61,1890.43,1.29,3.74
SYMPHONY,EQ,592,-2.46,4065.35,0.63,3.73
CENTURYPLY,EQ,718,-2.19,15952.02,0.52,3.73
CHEMPLASTS,EQ,171.5,-2.64,2711.58,2.16,3.71
KOLTEPATIL,EQ,436.5,-3.25,3870.89,0.84,3.7
SKMEGGPROD,EQ,242.2,-1.8,1275.43,1.52,3.67
GUFICBIO,EQ,426,0.79,4272.03,0.86,3.66
PSUBANK,EQ,83.22,-0.96,2611.89,4.39,3.66
SUNTECK,EQ,289,-0.28,4243.73,1.28,3.66
AAREYDRUGS,EQ,98.71,3.13,279.89,3.7,3.66
LGBBROSLTD,EQ,1719,0.21,5482.31,0.21,3.65
JUNIPER,EQ,222.65,-2.08,4954.02,1.64,3.65
LIQGRWBEES,EQ,1055.42,0.05,195.92,0.35,3.64
RELAXO,EQ,324.2,-0.83,8070.59,1.12,3.64
AVIENCE,SM,388,11.88,212.82,1,3.61
AMRUTANJAN,EQ,490.95,0.12,1419.37,0.74,3.6
MAHLOG,EQ,399.9,-0.05,3970.1,0.91,3.6
ARVSMART,EQ,602.9,0.98,2767.13,0.6,3.59
COCKERILL,EQ,8125,1.45,4011.97,0.04,3.58
ASHUTOSH,ST,164.5,4.98,359.84,2.22,3.57
FREDUN,EQ,1409.7,-3.52,2331.37,0.25,3.57
GROWWNET,EQ,10.99,1.48,43.26,32.69,3.57
BALPHARMA,EQ,107.7,1.4,171.47,3.17,3.51
OMPOWER,EQ,170,1.12,582.16,2.06,3.51
PANACEABIO,EQ,399.9,2.89,2449.42,0.89,3.5
ITI,EQ,263,-0.19,25271.33,1.34,3.5
ABSMARINE,SM,316,-1.08,775.78,1.11,3.47
VSTIND,EQ,204.22,-1.08,3468.9,1.69,3.46
PRAKASH,EQ,123.6,-0.15,2213.45,2.81,3.45
METAL,EQ,13.14,-1.87,535.66,26.28,3.45
NPST,EQ,1675,-2.53,3494.64,0.2,3.44
AHLUCONT,EQ,600,1.3,4019.25,0.58,3.43
TINNARUBR,EQ,1036.3,0.75,1866.97,0.33,3.43
JSWHL,EQ,11500,0.49,12764.57,0.03,3.43
BAJAJELEC,EQ,337,-0.22,3888.74,1.02,3.42
CANTABIL,EQ,241.5,0.6,2019.86,1.43,3.41
20MICRONS,EQ,207,-2.3,730.43,1.64,3.4
DSSL,EQ,1056.5,2.35,1345.67,0.32,3.4
DATAMATICS,EQ,756.15,-2.49,4469.33,0.44,3.39
NFL,EQ,68.7,0.42,3370.27,4.98,3.39
PRSMJOHNSN,EQ,113.4,-1.58,5708.06,2.99,3.38
ERIS,EQ,1358,0.1,18819.61,0.25,3.38
ABLBL,EQ,83.52,-0.57,10193.8,4.02,3.35
NUVOCO,EQ,329.1,-0.66,11754.01,1.02,3.34
KAMDHENU,BE,39.45,0.59,1112.03,8.6,3.32
CSLFINANCE,EQ,224,-3.05,510.33,1.49,3.3
STEELCAS,EQ,326,0.76,3299.12,1.02,3.29
HUBTOWN,EQ,181.5,-0.94,2579.13,1.82,3.29
POLYSIL,SM,81.15,-4.98,215.09,3.87,3.28
CITIUSINVT,IV,115.5,0.57,7045.5,2.82,3.26
SHK,EQ,141.2,-1.66,1954.5,2.31,3.26
DOLLAR,EQ,275.45,1.34,1562.25,1.19,3.25
TRACXN,EQ,32.35,13.07,345.9,10.4,3.23
ORIENTCEM,EQ,125.3,-0.6,2574.41,2.58,3.21
IGPL,EQ,549.5,-0.72,1692.18,0.59,3.21
ASALCBR,EQ,677,-3.04,1359.36,0.47,3.21
SHRINGARMS,EQ,217,0.1,2092.58,1.48,3.21
TRAVELFOOD,EQ,1255.9,-2.33,16541.48,0.26,3.21
FINOPB,EQ,139.99,0.03,1164.97,2.3,3.2
HNDFDS,EQ,618,-0.31,7487.85,0.52,3.19
UNICHEMLAB,EQ,543.6,2.05,3827.26,0.6,3.19
SALSTEEL,EQ,74.2,-3.17,1074.17,4.19,3.15
MUFIN,EQ,134.52,-0.52,2665.68,2.34,3.15
PRIORITY,BE,229,0.92,412.2,1.4,3.14
AWHCL,EQ,367.8,-1.43,1043.89,0.86,3.13
MASTERTR,EQ,90,-2.54,1107.14,3.46,3.12
DPABHUSHAN,EQ,1349.7,-1.43,3081.08,0.23,3.11
SML100CASE,EQ,11.3,-0.18,102.19,27.66,3.11
HDFCLIQUID,EQ,1077.78,0.05,82.7,0.29,3.09
HCG,EQ,693.05,-1.12,10347.39,0.44,3.09
SUYOG,EQ,654.9,-2.02,767.35,0.47,3.08
SAKSOFT,EQ,146,-0.59,1935.25,2.11,3.08
DCMSHRIRAM,EQ,1000,-0.74,15594.23,0.31,3.08
MEGATHERM,SM,249.95,6.34,470.92,1.27,3.08
KITEX,EQ,123.95,-1.35,2472.8,2.48,3.07
HEMIPROP,EQ,120.8,-0.12,3442.8,2.54,3.06
NITCO,EQ,93.25,-2.08,2243.28,3.3,3.06
SANOFI,EQ,3082.9,-0.74,7100.11,0.1,3.05
AMDIND,EQ,65,15.99,124.58,4.85,3.04
MOLDTKPAC,EQ,672.5,-1.46,2234.64,0.45,3.03
BOROLTD,EQ,257,-2.57,3073.4,1.17,3.02
BLKASHYAP,EQ,53.8,-3.15,1212.87,5.57,3
EIHOTEL,EQ,287.45,0.84,17976.09,1.05,2.99
TASTYBITE,EQ,10300,0.97,2642.98,0.03,2.98
CREDENT,SM,359,-0.92,654.2,0.84,2.98
SWARAJENG,EQ,3575,0.68,4343.58,0.08,2.97
SATIN,EQ,216.67,-0.25,2393.57,1.36,2.96
GATEWAY,EQ,53.49,-0.3,2672.59,5.52,2.94
VRLLOG,EQ,288.3,-0.17,5043.43,1.02,2.94
ARKADE,EQ,122,-0.76,2265.1,2.42,2.94
HNGSNGBEES,EQ,464.1,-0.42,1094.66,0.63,2.93
NEXT50,EQ,744.45,-0.59,1449.18,0.39,2.93
WELSPLSOL,EQ,56.1,-0.57,3717.25,5.25,2.91
WEL,EQ,72.5,-2.29,971.56,4.02,2.9
SAATVIKGL,EQ,397.5,-1.13,5052.42,0.74,2.9
GOCOLORS,EQ,328,3,1725.15,0.9,2.88
BALMLAWRIE,EQ,168.6,-0.72,2883.12,1.7,2.87
VALIANTLAB,BE,128.5,2.96,697.92,2.35,2.86
KALAMANDIR,EQ,82.5,-1.36,1265.27,3.46,2.85
SRM,EQ,437.15,-2.36,1003.01,0.65,2.85
KOVAI,EQ,6205,-1.38,6789.67,0.05,2.84
TNPL,EQ,153.99,-0.03,1065.77,1.85,2.84
HIMATSEIDE,EQ,67.6,-1.82,850.02,4.21,2.83
GAUDIUMIVF,BE,118.1,2.46,859.61,2.41,2.83
CAPILLARY,EQ,460.1,0.04,3661.88,0.61,2.81
GULPOLY,EQ,175.2,-0.84,1092.73,1.61,2.81
3BBLACKBIO,EQ,1420,-1.61,1218.74,0.2,2.77
MANOMAY,EQ,233.8,-0.45,421.98,1.19,2.77
SIGNPOST,EQ,278.5,4.19,1488.58,1.02,2.76
BHARATSE,EQ,218.3,0.56,1370.92,1.29,2.76
PKTEA,EQ,1123,2.63,347.67,0.25,2.75
SERVOTECH,EQ,77.45,-0.22,1749.17,3.56,2.75
ADISOFT,SM,241.2,-0.8,393.59,1.14,2.74
ARMANFIN,EQ,2014,-1.1,2117.67,0.14,2.74
SIMPLEXINF,EQ,255,-0.29,2016.93,1.08,2.73
JAICORPLTD,EQ,95.97,-0.9,1684.32,2.86,2.73
NIFTY1,EQ,260.59,0.13,3349.94,1.05,2.73
GKENERGY,EQ,127.52,-0.38,2586.33,2.15,2.72
BGRENERGY,BE,234,-3.79,1688.58,1.16,2.72
TVSHLTD,EQ,12990,-1.1,26281.5,0.02,2.72
GALAPREC,EQ,1022.3,-1.51,1310.2,0.26,2.71
SDBL,EQ,71.55,0.96,1411.51,3.87,2.71
IRISDOREME,EQ,61.97,-0.51,1179.48,4.38,2.7
MHRIL,EQ,196.7,0.07,3974.69,1.36,2.68
AYMSYNTEX,EQ,283,-3.45,1663.7,0.93,2.66
IVALUE,EQ,225.5,-0.49,1234.7,1.19,2.66
VENUSREM,BE,1611,-0.81,2153.42,0.17,2.65
EQUAL50,EQ,324.53,-0.1,204.54,0.82,2.64
ATULAUTO,EQ,444.6,-0.46,1233.82,0.59,2.63
MOM30IETF,EQ,31.35,-0.13,545.97,8.46,2.63
754GS2036,GS,105.8,-0.21,157642,2.48,2.62
SHRIRAMPPS,EQ,71.44,-1.62,1219.15,3.66,2.62
DENTA,EQ,286,-0.5,763.62,0.92,2.6
MOMSBELIEF,BE,223,1.84,466.11,1.18,2.6
JNKINDIA,EQ,428,-0.2,2394.83,0.61,2.57
MAHSCOOTER,EQ,12950,-1.13,14800,0.02,2.57
PRIMESECU,EQ,283,2.26,961.08,0.91,2.55
FERMENTA,EQ,475,-1.79,1397.97,0.53,2.54
MUTHOOTMF,EQ,195.1,-0.53,3326.3,1.3,2.53
EPIGRAL,EQ,1137,-1.11,4905.17,0.22,2.53
VSTTILLERS,EQ,4042.7,-0.95,3498.05,0.06,2.51
RIIL,EQ,712.9,-0.27,1076.48,0.35,2.5
ZOTA,EQ,1087,-1.14,3764.56,0.23,2.5
MAXVOLT,SM,349.2,4.99,380.77,0.73,2.5
MAHKTECH,EQ,22.25,0.04,431.01,11.31,2.5
ANMOL,EQ,16.87,9.97,96.01,15.22,2.49
AMBIKCO,EQ,1595,-0.74,913.14,0.16,2.49
NRAIL,EQ,633.45,6.41,1078.07,0.41,2.49
ORIENTELEC,EQ,175,0.78,3733.9,1.44,2.48
REGAAL,EQ,83.85,-2.19,863.6,2.97,2.48
ESABINDIA,EQ,5914,1.55,9103.43,0.04,2.47
INDUSINVIT,IV,132.6,-0.13,8101.94,1.85,2.47
GALLANTT,EQ,550,-0.59,13270.45,0.45,2.46
RIIT,IV,119.6,-0.22,7176,2.05,2.46
RAMCOSYS,EQ,595.25,-2.51,2237.94,0.41,2.45
ASHOKAMET,EQ,17.2,19.94,42.99,14.55,2.45
SKFINDIA,EQ,1527.5,-0.27,7551.65,0.16,2.44
BAJEL,EQ,180.9,1.96,2092.96,1.36,2.43
DEFENCE,EQ,81.94,-0.5,181.7,2.98,2.43
REDTAPE,EQ,116.49,1.24,6439.66,2.11,2.43
MCLOUD,EQ,25.8,-0.73,1519.79,9.4,2.42
SPMLINFRA,EQ,171,-1.16,1438.96,1.41,2.42
GOPAL,EQ,258.7,-0.69,3225.13,0.94,2.41
SPANDANA,EQ,235.85,1.59,1681.73,1.03,2.4
SSEGL,SM,427.5,-2.3,1110.58,0.56,2.4
FELIX,SM,216.5,-1.79,372.52,1.12,2.39
APEX,EQ,368,-1.79,1150,0.65,2.39
HPAL,EQ,37.68,2.92,346.18,6.21,2.38
SEIL,EQ,193.5,-0.78,3115.35,1.24,2.38
OSWALSEEDS,EQ,15.48,4.95,141.6,14.83,2.38
HARIOMPIPE,EQ,361,-0.22,1117.92,0.67,2.38
SATKARTAR,SM,147,12.04,232.19,1.65,2.38
GRINDWELL,EQ,1930,1.17,21368.96,0.13,2.37
DCI,EQ,271.2,-1.2,444.77,0.87,2.36
IMAGICAA,EQ,52.35,-1.6,2962.28,4.49,2.36
INFOBEAN,EQ,155.1,-0.06,1514.11,1.53,2.36
CFEL,EQ,49.41,10,123.62,4.94,2.35
ORKLAINDIA,EQ,589.95,1.98,8081.68,0.4,2.34
MOM100,EQ,67.5,0.28,862.51,3.51,2.34
HAWKINCOOK,EQ,8380,-0.33,4431.19,0.03,2.33
LIQUIDSHRI,EQ,1121.3,0.04,35.25,0.21,2.32
GTLINFRA,EQ,1.17,0.86,1487.85,199.6,2.32
DAMCAPITAL,EQ,142.9,0.08,1010.1,1.62,2.3
OAL,EQ,531.3,1.26,1788.01,0.43,2.29
DMCC,EQ,288,-1.35,718.27,0.8,2.29
LAOPALA,EQ,159.6,-1.72,1771.56,1.42,2.28
BSLNIFTY,EQ,27.65,0.55,3284.54,8.28,2.28
NGLFINE,EQ,2700,-0.94,1668.07,0.09,2.28
KKCL,EQ,495.5,-1.24,3053.53,0.46,2.28
GLOBAL,EQ,127.9,3.51,651.03,1.81,2.28
INDIACEM,EQ,347.95,0,10782.87,0.66,2.27
PDMJEPAPER,EQ,97.62,-1.16,926.9,2.31,2.26
VEDAVAAG,EQ,23,3.56,53.97,9.3,2.25
KRSNAA,EQ,552.9,-2.04,1793.53,0.41,2.25
RELTD,EQ,157.39,1.49,3124.97,1.45,2.25
KANSAINER,EQ,188.79,-1.21,15268.93,1.19,2.25
ASTRAZEN,EQ,6755,-1.54,16887.5,0.03,2.25
WPIL,EQ,437,-1.62,4268.21,0.52,2.25
MOMENTUM50,EQ,54.7,0.18,408.97,4.12,2.24
DODLA,EQ,1080.3,-0.9,6517.21,0.21,2.23
THOMASCOTT,EQ,234.35,-3.92,343.8,0.93,2.22
KMCSHIL,EQ,138.5,0.76,2258.73,1.61,2.2
SANSTAR,EQ,110.2,2.63,2206.96,2.02,2.2
SALZERELEC,EQ,552,0.34,976.09,0.4,2.2
JLHL,EQ,279.2,-0.64,9153.02,0.78,2.19
GODAVARIB,EQ,234,-0.77,1197.52,0.93,2.18
KHAICHEM,EQ,54,2.51,523.74,4.03,2.18
RSYSTEMS,EQ,240.47,-1.06,2849.47,0.9,2.16
COMSYN,EQ,297.8,-0.4,1201.3,0.72,2.15
LINCOLN,EQ,621,-1.83,1243.85,0.34,2.15
MAGADSUGAR,EQ,546,-1.56,769.4,0.39,2.14
PATELRMART,EQ,210.6,-0.61,703.42,1.02,2.14
BUTTERFLY,EQ,594.95,-2.52,1063.74,0.36,2.13
HEXAGON,BE,68,-0.25,835.84,3.1,2.12
DHANUKA,EQ,977.8,-0.19,4358.87,0.22,2.12
ARIHANTCAP,EQ,79.44,3.88,870.76,2.74,2.12
TTKPRESTIG,EQ,539.4,-0.15,7387.97,0.4,2.11
DIGITIDE,EQ,88.78,0.57,1323.81,2.39,2.11
LAXMIINDIA,EQ,129.86,1.55,680.38,1.62,2.08
ANUHPHR,EQ,95,4.16,952.13,2.22,2.08
SALASAR,EQ,5.03,0,879.22,41.32,2.07
DEEP,EQ,45.51,11.05,110.04,4.46,2.06
GKSL,EQ,171.55,-0.96,1352.56,1.2,2.06
FISCHER,EQ,35.95,3.01,2352.98,5.8,2.06
ONEPOINT,EQ,56.15,-2.75,1476.39,3.64,2.06
SIYSIL,EQ,533,-2.56,2418.23,0.38,2.05
DCMSRIND,EQ,40.48,-3.07,352.14,5.02,2.05
SAIPARENT,EQ,526.5,0.76,2326.04,0.39,2.04
NIITLTD,EQ,92,-2.22,1260.34,2.19,2.03
UGROCAP,EQ,84.5,1.6,1312.19,2.44,2.03
ORIRAIL,EQ,123.53,1.01,828.38,1.65,2.01
MIDSMALL,EQ,51.63,0.14,483.08,3.9,2
FASCINATE,SM,53.15,-4.92,73.14,3.74,1.99
TCPLPACK,EQ,3891.1,0.91,3540.9,0.05,1.98
SUPREMEPWR,SM,215.05,-3.17,537.43,0.92,1.98
MOMMIDCAP,EQ,12.99,0,88.52,15.3,1.98
SOLEX,EQ,704.5,-0.11,761.04,0.28,1.97
BCLIND,EQ,34.25,-2.48,1010.93,5.73,1.97
MONTECARLO,EQ,555.7,-0.06,1152.08,0.36,1.96
HMAAGRO,EQ,20.15,0.85,1009.05,9.82,1.96
MIDCAPIETF,EQ,23.75,0.08,777.18,8.31,1.96
COFFEEDAY,EQ,31.8,-0.59,671.78,6.19,1.95
AGARIND,EQ,434.5,0.15,649.92,0.46,1.94
SUBROS,EQ,702,-1.07,4579.55,0.28,1.94
VENTIVE,EQ,575.1,0.93,13430.98,0.34,1.94
GANESHHOU,EQ,764.95,-1.03,6378.7,0.26,1.94
KANPRPLA,EQ,265,5.28,648.69,0.73,1.94
PRECAM,EQ,116.5,-1.31,1106.58,1.66,1.94
MOSMALL250,EQ,18.46,-0.27,263.98,10.53,1.93
PREMIERPOL,EQ,85.1,-3.28,891.36,2.24,1.93
SARVESHWAR,EQ,4.02,0.75,495.11,48.27,1.93
GMBREW,EQ,909,-0.38,2076.79,0.21,1.93
RBZJEWEL,BE,178.99,0.18,715.96,1.1,1.92
TECHD,SM,603.2,0.3,451.18,0.32,1.92
DCAL,EQ,167.5,0.01,2626.12,1.16,1.92
SMARTWORKS,EQ,532,-0.66,6085.07,0.36,1.91
LIKHITHA,EQ,217,1.54,856.07,0.89,1.91
GREENLAM,EQ,235.7,-0.29,6013.83,0.81,1.91
PLAZACABLE,EQ,63.4,4.78,277.39,3.04,1.9
KECL,EQ,123.55,-2.22,820.55,1.52,1.89
SARTELE,SM,80,-4.19,401.18,2.36,1.89
SGBFEB32IV,GB,15835,-0.96,20247.93,0.01,1.87
BIL,EQ,1088,0.58,1459.05,0.18,1.87
TOP10ADD,EQ,85.91,1.2,681.42,2.19,1.87
IGCL,EQ,67.89,-6.23,429.23,2.65,1.87
IGARASHI,EQ,411.95,0.89,1296.61,0.45,1.86
ICICIB22,EQ,113.34,-0.14,9892.07,1.65,1.86
METALIC,ST,147,5,352.57,1.28,1.85
DLINKINDIA,EQ,435,0.28,1544.46,0.43,1.85
TCI,EQ,855.4,-0.18,6572.14,0.22,1.85
PNBGILTS,EQ,80.06,-0.37,1441.16,2.31,1.84
ESAFSFB,BE,39.57,-2.03,2042.24,4.67,1.84
STUDDS,EQ,422.8,1.05,1663.86,0.44,1.83
NILASPACES,EQ,12.29,1.24,484.09,15.02,1.83
INDOFARM,EQ,140.3,-0.01,674.16,1.31,1.82
PYRAMID,EQ,160,3.84,588.56,1.16,1.82
CERA,EQ,5570,-0.78,7183.93,0.03,1.81
JKIL,EQ,475,-1.74,3594.11,0.38,1.81
BLUEDART,EQ,4842,-0.83,11489.07,0.04,1.8
GRAVISSHO,EQ,42.7,19.98,301.12,4.34,1.8
TEAMLEASE,EQ,1238.3,-1.24,1892.3,0.14,1.79
LUXIND,EQ,1100.1,-0.82,3308.19,0.16,1.79
SANOFICONR,EQ,4020,-1.7,9258.31,0.04,1.78
MANAKSTEEL,BE,118.5,3.03,776.58,1.5,1.78
ENERGY,EQ,38.26,-0.42,290.05,4.65,1.78
SAGCEM,EQ,146,-2.89,1908.33,1.21,1.78
ADFFOODS,EQ,270.15,-1.42,2967.97,0.66,1.78
PIXTRANS,EQ,1720,-0.48,2343.53,0.1,1.76
CAPINVIT,IV,76.97,0.35,3783.47,2.29,1.75
TAJGVK,EQ,335,-2.22,2100.5,0.52,1.74
UNIECOM,EQ,83.11,-1.96,933.98,2.09,1.74
RADIANTCMS,EQ,36.11,-3.78,385.32,4.86,1.74
UDS,EQ,208.34,-2.68,1394.9,0.83,1.73
AUTOIETF,EQ,28.5,-0.18,222.51,6.08,1.73
ZEEMEDIA,EQ,7.44,-3,487.64,22.98,1.72
PROSTARM,EQ,133,-1.32,783.03,1.28,1.71
TCIEXP,EQ,514.8,-3.85,1979.11,0.33,1.71
ANNU,BE,58.35,-5,382.15,2.92,1.71
KOTIC,EQ,132.48,-12.39,1431.07,1.22,1.7
SAFEENTP,SM,256.35,-4.95,1194.71,0.66,1.7
FLAIR,EQ,236.6,-0.81,2493.65,0.72,1.69
SPIC,EQ,68.74,-0.81,1399.82,2.46,1.69
SAHASRA,SM,295,1.06,737.29,0.57,1.68
MSPL,EQ,34.21,-0.55,1939.01,4.94,1.67
AURUM,EQ,223,1.19,1704.22,0.75,1.66
BIRLAPREC,BE,61.49,3.69,420.52,2.74,1.66
ROTO,EQ,64.15,-1.41,1208.88,2.59,1.66
SHERA,SM,194.1,1.73,474.37,0.85,1.65
ONIDA,EQ,32.88,-0.3,1214.56,5.1,1.65
JUBLCPL,EQ,2122.6,1.03,3216.27,0.08,1.65
GROWWDEFNC,EQ,97.6,-0.37,373.32,1.7,1.65
SUMAX,ST,126.45,4.98,240.54,1.3,1.64
ZIMLAB,EQ,139,1.88,745.85,1.19,1.63
SURAKSHA,EQ,325,-0.87,1692.62,0.51,1.63
SHALBY,EQ,144.84,-0.77,1564.41,1.13,1.63
BLUECLOUDS,EQ,19.22,-1.44,1774.16,8.46,1.62
ROSSARI,EQ,448,-0.33,2481.66,0.36,1.62
AARADHYA,ST,147.95,4.97,209.17,1.14,1.62
AARTISURF,BE,509.4,1.71,431.51,0.32,1.62
WINDMACHIN,EQ,300.1,0.4,3052.83,0.54,1.62
AVTNPL,EQ,90.6,0,1379.69,1.81,1.61
TEXINFRA,EQ,116.05,1.61,1478.79,1.4,1.61
TBI,SM,88.7,7.32,161.07,1.88,1.61
CENTEXT,EQ,22.48,-1.4,179.84,7.05,1.6
EFCIL,EQ,185.9,-1.14,2750.32,0.86,1.6
GREENPOWER,EQ,9.34,-0.21,1095.61,17.18,1.59
MANAKSIA,EQ,71.7,1.69,469.88,2.21,1.59
INSECTICID,EQ,611,-0.24,1777.88,0.26,1.59
IRMENERGY,EQ,281,0.45,1153.78,0.57,1.58
HDFCMID150,EQ,23.24,0,201.81,6.86,1.58
DHARMAJ,EQ,270.4,0.15,913.88,0.59,1.57
OILIETF,EQ,11.19,0.18,295.1,14.01,1.56
INNOVANA,EQ,330.55,6.87,682.92,0.51,1.56
GANESHBE,BE,132.2,-0.86,951.7,1.18,1.55
RBMINFRA,SM,316.1,4.24,336.11,0.5,1.55
GPTHEALTH,EQ,158.01,-2.03,1296.55,0.98,1.55
ARROWGREEN,BE,805,1.68,1214.58,0.19,1.55
NIBL,EQ,33.2,8.57,80.45,4.38,1.55
PSB,EQ,22.78,0.8,16163.74,6.85,1.55
BHARATWIRE,EQ,172.9,-0.17,1189.26,0.9,1.55
BIRLANU,EQ,1464.8,2.11,1104.59,0.11,1.54
BALAJITELE,EQ,90.35,-1.59,1101.39,1.68,1.52
IRBINVIT,IV,64.25,0.2,8234.28,2.36,1.51
ITIETF,EQ,32.4,0.97,534.63,4.68,1.51
GICHSGFIN,EQ,136.55,0.32,735.34,1.1,1.51
PONNIERODE,EQ,373.1,2.66,320.81,0.41,1.51
VPRPL,EQ,36,-3.02,448.72,4.13,1.5
ABSLLIQUID,EQ,1000.01,0,41.08,0.15,1.49
RITCO,EQ,301,-1.42,861.54,0.49,1.49
ASHIKAG,BE,422,2.73,1887.39,0.36,1.48
KANORICHEM,BE,167.13,-4.57,730.25,0.86,1.46
ELIN,EQ,91.4,-1.32,454.34,1.59,1.46
MTNL,EQ,24.78,-1.27,682.99,5.82,1.44
SHOPERSTOP,EQ,374.1,-0.91,4122.79,0.38,1.44
MARKOLINES,EQ,170.6,-0.48,378.8,0.84,1.44
RUPA,EQ,137.77,0.23,1095.61,1.05,1.44
MENONBE,BE,301,-0.22,1686.8,0.49,1.44
KCP,EQ,163,0.49,2101.41,0.89,1.43
HGINFRA,EQ,489.9,0.54,3192.73,0.3,1.43
HATHWAY,EQ,10.25,0.79,1814.36,14.07,1.43
BAHETI,SM,816.25,-1.5,852.73,0.17,1.42
FRESHARA,ST,485,-0.29,1139.71,0.29,1.42
TEJA,SM,221,-6.38,141.82,0.63,1.42
THEMISMED,EQ,129.2,-2.17,1189.93,1.11,1.42
WANBURY,EQ,239,-1.01,835.71,0.6,1.42
GROWWRLTY,EQ,9.55,-2.15,15.39,14.92,1.41
UNIVASTU,BE,154.49,-3.62,555.96,0.91,1.41
ADVENTHTL,EQ,128.31,-3.08,692.14,1.09,1.41
PFS,EQ,27.4,-0.25,1759.86,5.11,1.41
MANGALAM,EQ,36.4,4.36,57.61,3.85,1.4
REMSONSIND,EQ,98.45,2.21,343.38,1.48,1.4
C2C,SM,213,-0.07,361.43,0.66,1.4
IITL,EQ,147,-0.16,331.45,0.94,1.4
AASTHA,EQ,78.5,-1,346.52,1.8,1.4
ZFSTEERING,EQ,769.95,3.57,698.6,0.19,1.4
ALICON,EQ,728.2,-1.67,1195.11,0.19,1.37
ZUARI,EQ,220.8,-1,928.64,0.62,1.37
RAJOOENG,BE,56.1,2.2,1002.37,2.53,1.37
BANKBETA,EQ,58.5,0.36,3013.33,2.36,1.37
UNITECH,EQ,4.18,-0.95,1092.92,33.08,1.36
NIFTYCASE,EQ,9.44,0.32,66.45,14.53,1.36
GEMAROMA,EQ,160.02,-3.07,835.9,0.84,1.35
CONNPLEX,SM,265,0.95,506.15,0.52,1.35
PROZONER,EQ,53.01,1.36,808.95,2.57,1.34
DCMSIL,EQ,70.4,-2.71,612.42,1.89,1.34
IPL,EQ,133.65,-1.54,1539.16,1,1.34
ZUARIIND,EQ,275,1.66,818.98,0.5,1.34
NAVKARCORP,EQ,93.26,-0.63,1403.74,1.43,1.34
CHEMCON,BE,215.3,0.79,788.66,0.62,1.33
QUICKHEAL,EQ,148.04,0.38,803.47,0.9,1.33
FRONTSP,EQ,1240,-1.2,1465.13,0.11,1.32
IVC,EQ,9.15,-5.48,287.34,14.29,1.32
MID150CASE,EQ,11.55,0.35,272.69,11.49,1.32
BHARATRAS,EQ,1156.3,-1.02,1921.89,0.11,1.32
VESUVIUS,EQ,414.95,-0.28,8421.86,0.32,1.31
EGOLD,EQ,150.95,-1.08,1641.55,0.87,1.3
TANAA,EQ,268.65,6.82,685.07,0.51,1.3
GEOJITFSL,EQ,78.9,-0.72,2202.27,1.65,1.3
364D170926,TB,99.7,0.49,6790.34,1.3,1.3
BLIL,EQ,68.62,-0.77,1523.18,1.89,1.29
INDOSTAR,EQ,243,-1.58,3929.05,0.53,1.29
RNFI,SM,340,0.34,862.14,0.38,1.29
VISAKAIND,EQ,90.6,-1.43,782.83,1.42,1.29
ACSTECH,BE,58.9,1.8,357.41,2.21,1.28
NIF100BEES,EQ,261.96,0.34,346.75,0.49,1.27
NSIL,EQ,5517,-1.55,2833.62,0.02,1.27
CALSOFT,BE,38.74,4.99,135.73,3.38,1.27
BANKETF,EQ,578.6,0.59,335.48,0.22,1.26
SAHANA,SM,904,-0.15,958.65,0.14,1.26
BPLPHARMA,EQ,1503,-3.51,1035.86,0.08,1.26
LOWVOLIETF,EQ,21.61,0.46,3290.85,5.86,1.26
TAC,ST,467.7,-0.32,983.45,0.27,1.26
AUTOIND,EQ,83.1,-1.36,377.07,1.52,1.25
UFBL,BE,699.5,-1.87,2736.28,0.18,1.25
KRONOX,BE,177.5,3.22,658.6,0.72,1.25
PARKHOTELS,EQ,111.79,0.14,2385.31,1.13,1.25
5PAISA,EQ,324.7,-2.35,1522.27,0.38,1.25
GROWWHOSPI,EQ,52.37,-0.53,163.39,2.35,1.23
CLSEL,EQ,296.8,-1.9,1475.86,0.42,1.23
SILKFLEX,SM,281.05,4.99,326.21,0.46,1.23
PAKKA,EQ,76.3,0.03,363.71,1.6,1.22
MIDCAP,EQ,18.4,0.44,209.6,6.7,1.22
RAMKY,EQ,333,-0.86,2304.29,0.37,1.21
725GS2063,GS,96.82,0.07,232368,1.25,1.21
SGRL,EQ,656.05,3.86,842.04,0.19,1.21
OLIL,SM,440,2.91,301.17,0.28,1.2
HESTERBIO,EQ,2262,-0.75,1924.25,0.05,1.2
SHALPAINTS,BE,85.85,0.48,718.66,1.4,1.2
JAGSNPHARM,EQ,233.35,0.15,1539.12,0.51,1.19
CPS,SM,1222,-0.08,282.2,0.1,1.19
FABTECH,EQ,146.2,-0.83,649.87,0.81,1.18
SGBJUN31I,GB,15325,-0.42,11906.44,0.01,1.18
GROWWCAPM,EQ,11.28,-0.27,48.25,10.47,1.17
ZTECH,SM,433.6,-4.07,644.83,0.26,1.17
JAYAGROGN,EQ,243.9,-5.53,731.7,0.48,1.17
LOKESHMACH,EQ,345.3,-0.56,752.64,0.33,1.16
SJLOGISTIC,SM,318,-0.2,503.18,0.36,1.16
VEEDOL,EQ,1433,-0.33,2496.86,0.08,1.15
OMAXAUTO,EQ,171.5,-2.8,366.52,0.67,1.15
PARIN,SM,694.85,-1.54,772.53,0.17,1.15
DHANBANK,EQ,31,0.88,1223.57,3.72,1.14
DHARIWAL,SM,28,-3.61,263.24,4.05,1.14
SANGAMIND,EQ,571.25,-1.01,2870.33,0.2,1.14
PASHUPATI,EQ,80.56,0.4,1271.56,1.4,1.14
MCLEODRUSS,EQ,43.4,-1.48,453.34,2.59,1.13
BANSALWIRE,EQ,311,-0.13,4868.89,0.37,1.13
HINDWAREAP,EQ,178.34,-1.83,1491.75,0.63,1.13
ARIES,BE,475.25,1.42,618.03,0.25,1.12
SHANKARA,EQ,148.4,-0.01,359.86,0.76,1.12
PURPLEUTED,ST,448.8,1.18,431.29,0.25,1.12
MONIFTY500,EQ,23.56,0.26,297.56,4.77,1.12
KALPATARU,EQ,265.5,-0.71,5467.23,0.42,1.11
GROWWNIFTY,EQ,9.52,0.21,39.27,11.74,1.11
INDIANHUME,EQ,371.55,1.24,1957.39,0.3,1.11
BANG,EQ,35.2,2,47.73,3.16,1.11
PRIMECAB,ST,171,-0.03,313.34,0.66,1.11
MAKEINDIA,EQ,162.8,-0.67,260.4,0.68,1.11
GROWWMETAL,EQ,12.45,-1.97,41.72,8.89,1.1
PDSL,EQ,347.1,-0.32,4910.09,0.32,1.1
MUKANDLTD,EQ,139.1,-2.43,2009.93,0.79,1.1
AQYLON,EQ,21.5,-1.74,545.52,5.15,1.1
EXCELINDUS,EQ,988.7,-0.39,1242.86,0.11,1.09
BEEKAY,EQ,430.75,-0.61,821.53,0.25,1.09
GNRL,EQ,104.4,-3.09,1340.52,1.03,1.08
RANEHOLDIN,EQ,1692,-0.75,2415.81,0.06,1.08
SARLAPOLY,EQ,100.3,-1,797.42,1.07,1.08
RMDRIP,BE,23.59,1.11,1010.19,4.56,1.07
EQUAL50ADD,EQ,333.1,-0.82,1344.61,0.32,1.07
TVSELECT,EQ,418,1.84,779.58,0.26,1.07
SGBSEP31II,GB,15419,-0.95,18000.08,0.01,1.07
PAR,BE,141.7,0.44,174.36,0.76,1.07
LAXMIDENTL,EQ,204,0.71,1122.44,0.53,1.06
NCLIND,EQ,174.6,-0.86,789.76,0.61,1.06
MOSILVER,EQ,224.99,-2.53,1056.67,0.47,1.05
OPTIMYSTIX,SM,148,-0.54,344.38,0.73,1.04
STANLEY,EQ,135.2,-1.62,772.34,0.76,1.04
HSBCGOLD,EQ,132.01,-0.67,691.78,0.79,1.04
HEALTHIETF,EQ,170.25,0.46,232.75,0.61,1.03
AXITA,EQ,8.01,0.75,306.57,12.91,1.03
EKC,EQ,101.6,-0.77,1140.03,1.02,1.03
SCODATUBES,EQ,130,0.61,778.82,0.79,1.02
BAJAJINDEF,EQ,230.1,4.1,736.32,0.44,1.02
ASIANHOTNR,EQ,402,5.19,1713.86,0.26,1
IVZINGOLD,EQ,132.5,-0.56,777.99,0.76,1
ESILVER,EQ,226.6,-2.87,1737.05,0.44,1
NITTAGELA,EQ,1649,-0.33,1497.15,0.06,1
PRAVEG,EQ,262.75,-1.41,686.85,0.38,1
SRHHYPOLTD,EQ,523,1.14,897.72,0.19,0.99
TRANSTEEL,SM,83.45,3.47,190.95,1.21,0.98
VIVIANA,EQ,750.1,-2.48,759.46,0.13,0.98
GENCON,EQ,41.4,-1.22,235.92,2.37,0.98
TERASOFT,EQ,248.4,-2.03,310.79,0.39,0.98
TIRUPATIFL,BE,69.35,-1.6,901.83,1.4,0.98
GOKUL,EQ,42,-1.43,415.78,2.33,0.97
OSELDEVICE,SM,374.5,0.77,666.41,0.26,0.97
ADSL,EQ,100.75,2.24,570.75,0.98,0.97
EBBETF0431,EQ,1432.6,-0.46,13261.84,0.07,0.97
MOLDTECH,BE,208.2,-0.71,599.72,0.46,0.96
JTEKTINDIA,EQ,121.25,1.1,3362.43,0.8,0.95
GRINFRA,EQ,848.2,-0.28,8207.23,0.11,0.95
NUCLEUS,EQ,694.3,-0.96,1827.77,0.14,0.95
GPECO,SM,411.95,2.76,507.93,0.23,0.95
ISFT,EQ,78.26,-3.59,127.66,1.19,0.95
LAMOSAIC,ST,53.1,4.94,54.89,1.85,0.95
JITFINFRA,EQ,292.9,-2.67,752.86,0.32,0.94
BESTAGRO,EQ,19.09,-0.26,677.07,4.93,0.94
TEAMTECH,ST,128,-2.33,383.69,0.72,0.93
MEIL,EQ,281.2,0.36,776.96,0.34,0.93
NDRAUTO,EQ,693.15,-1.3,1648.68,0.13,0.93
ULTRAMAR,EQ,424.85,-1.96,1240.56,0.22,0.92
SIMCA,ST,261.8,0.29,313.42,0.35,0.92
GILT5YBEES,EQ,66.25,-0.05,258.74,1.39,0.92
SGBAUG28V,GB,14952.01,-1.38,9494.2,0.01,0.92
MAMATA,EQ,409,-0.11,1006.46,0.22,0.91
PPL,BE,286,-1.68,684.06,0.32,0.91
VINYAS,SM,1548,-0.35,1948.12,0.06,0.91
ORIENTBELL,EQ,404,-1.94,594.51,0.22,0.91
IT,EQ,32.06,0,303.81,2.81,0.91
ASHIANA,EQ,343.5,-1.26,3453.03,0.26,0.91
WSI,EQ,61.5,4.54,466.76,1.47,0.9
KUANTUM,EQ,76.99,1.99,671.84,1.17,0.9
LICMFGOLD,EQ,136.45,-0.55,1482.36,0.66,0.9
SGBSEP29VI,GB,15000,-1.09,5280.51,0.01,0.9
PSUBNKIETF,EQ,84.78,0.13,123.66,1.06,0.9
SWELECTES,EQ,563.95,-0.74,854.88,0.16,0.89
AKIKO,SM,432.5,0.58,465.79,0.21,0.89
JAGRAN,EQ,62.23,0.35,1354.46,1.43,0.89
SGBDE31III,GB,15599,-0.28,18885.41,0.01,0.89
771GS2066,GS,102.99,0.05,56623.39,0.86,0.89
AONELIQUID,EQ,1076.74,0.05,294.67,0.08,0.88
BFINVEST,EQ,448.95,0.08,1691.09,0.2,0.88
ESCONET,ST,245,-3.01,323.31,0.36,0.88
NIFTYADD,EQ,246.9,-0.1,211.64,0.36,0.88
HALDER,EQ,273,-3.16,339.56,0.31,0.87
KAMATHOTEL,EQ,225,0.14,663.3,0.39,0.87
ICEMAKE,EQ,730,0.29,1151.92,0.12,0.86
AXTEL,EQ,440,3.51,710.81,0.2,0.86
DBCORP,EQ,190.5,0.44,3395.75,0.45,0.86
KSOLVES,EQ,260,0.35,616.73,0.33,0.85
GYFTR,EQ,176.89,-4.55,1358.66,0.47,0.85
KALYANIFRG,BE,1021.85,5,371.75,0.09,0.85
SAKHTISUG,EQ,19.94,3.91,236.98,4.21,0.85
TPLPLASTEH,EQ,68.13,-0.1,531.43,1.25,0.85
IFGLEXPOR,EQ,205.37,-3.37,1480.28,0.41,0.85
PIGL,EQ,102.01,-2.02,214.01,0.82,0.85
SGBJU29III,GB,15030,-1.23,2223.29,0.01,0.85
EXPLEOSOL,EQ,891,0.81,1382.81,0.1,0.84
TECHERA,SM,156.75,4.99,258.97,0.56,0.84
3IINFOLTD,BE,22.9,2.23,474.95,3.74,0.84
UEL,EQ,206.64,5,2756.53,0.41,0.83
FINIETF,EQ,32.49,0.4,209.77,2.55,0.82
MALLCOM,EQ,954,-2.28,595.3,0.09,0.82
SHETHJI,SM,189.5,-2.72,431.3,0.43,0.81
SCILAL,EQ,38.1,-0.94,1774.69,2.12,0.81
DOLLEX,EQ,38.65,-1.02,154.4,2.15,0.81
CHANDAN,SM,198.6,-2.26,485.62,0.4,0.8
ASAHISONG,BE,364.95,-2.85,430.18,0.22,0.79
PARTH,SM,525,-2.52,733.32,0.15,0.79
RPSGVENT,EQ,829.3,-1.3,2743.86,0.09,0.79
CONSUMBEES,EQ,127.99,-0.27,192.43,0.62,0.79
OCCLLTD,BE,159.75,-2.54,797.96,0.49,0.78
HONDAPOWER,EQ,1946.7,-1.16,1974.55,0.04,0.78
SATIA,EQ,67.7,-1.27,677,1.15,0.78
SSFL,ST,314,4.68,269.11,0.25,0.78
SUMEETINDS,EQ,10.75,-1.83,746.86,7.15,0.77
ADVANCE,EQ,118.85,-0.15,764.04,0.66,0.77
MANBA,EQ,133,1.16,668.18,0.59,0.77
KOTYARK,BE,32.5,4.4,367.48,2.44,0.77
HDFCSENSEX,EQ,85.48,0.87,928.17,0.91,0.77
SURAJEST,EQ,175.01,-1.12,836.08,0.44,0.77
CPL,EQ,64.75,-2.46,389.66,1.17,0.76
HDFCNEXT50,EQ,73.95,-0.18,209.08,1.03,0.76
AUTOAXLES,EQ,1690,1.94,2553.92,0.05,0.76
SILKY,SM,68,-0.66,43.3,1.1,0.75
EFFWA,SM,373,0.36,863.39,0.2,0.75
GFLLIMITED,EQ,56.55,-3.23,621.2,1.29,0.75
MOENERGY,EQ,38.2,0.13,62.65,1.96,0.75
VILAS,SM,346.2,-1.07,847.5,0.22,0.75
CUDML,SM,105,-3.18,185.28,0.71,0.75
AKSHARCHEM,BE,425,4.05,341.41,0.18,0.75
PLATIND,EQ,223,0.89,1224.82,0.34,0.75
TGVSL,EQ,105.99,-1.36,1135.04,0.7,0.75
MONEYBOXX,EQ,40.86,9.99,285.24,1.83,0.74
NELCAST,EQ,108.05,-1.77,940.05,0.68,0.74
HERANBA,EQ,171.12,-0.68,684.71,0.43,0.74
NXT-INFRA,IV,96,-0.12,5464.42,0.75,0.72
SGBMR29XII,GB,15002,-0.98,4847.01,0,0.72
SMALL250,EQ,18.43,-0.43,84.67,3.9,0.72
KODYTECH,ST,1470,-0.39,2101.14,0.05,0.71
AVROIND,EQ,7.87,-5.64,105.59,8.92,0.71
NV20IETF,EQ,13.31,0.53,172.83,5.38,0.71
DEN,EQ,26.91,-0.52,1284.21,2.64,0.71
KORE,ST,173,4.82,209.76,0.41,0.71
EVIETF,EQ,32.08,-0.19,77.18,2.21,0.7
NDLVENTURE,EQ,124.84,-1.28,420.36,0.56,0.7
DIAMONDYD,EQ,1107,-0.77,2649.05,0.06,0.7
GANGAFORGE,EQ,1.58,-1.25,53.25,44.35,0.7
SYSTANGO,SM,233,3.56,341.78,0.3,0.69
JYOTIRES,EQ,865,-1.24,1038,0.08,0.69
EVINDIA,EQ,31.97,-0.5,172.15,2.14,0.68
TOP100CASE,EQ,10.35,0.39,164.65,6.61,0.68
RCOM,BE,1.01,4.12,279.32,67.9,0.68
BROOKS,EQ,66.38,3.96,195.54,1.02,0.68
AONEGOLD,EQ,14.18,-0.42,86.33,4.8,0.68
BLBLIMITED,EQ,16,0.13,84.58,4.21,0.67
KMSUGAR,EQ,30.1,0,276.92,2.22,0.67
JINDALPOLY,EQ,670.55,-1,2936.1,0.1,0.67
AMCL,SM,375,1.35,443.8,0.18,0.67
GROWWEV,EQ,31.99,-0.4,292.46,2.1,0.67
ALPHAETF,EQ,26.48,-0.34,411.76,2.54,0.67
LEMERITE,EQ,21.37,3.19,267.48,3.19,0.67
MAXIND,EQ,144.48,-1.99,812.01,0.46,0.66
GPTINFRA,EQ,112.4,-0.94,1420.34,0.59,0.66
INFRAIETF,EQ,94.22,0.73,265,0.71,0.66
MENNPIS,BE,78.15,2.28,398.56,0.87,0.66
SAHYADRI,EQ,391.5,2.13,428.55,0.17,0.66
BANARISUG,EQ,3478.4,-3.12,4361.81,0.02,0.66
RSWM,BE,219,2.12,1031.53,0.3,0.64
LOWVOL1,EQ,20.6,0.68,287.18,3.15,0.64
NDTV,EQ,72.6,0.43,819.11,0.9,0.64
RAJESHEXPO,BZ,78.7,-0.82,2323.7,0.82,0.64
ACCELYA,EQ,1116,-0.19,1665.77,0.06,0.64
FIDEL,SM,154,10.2,211.76,0.43,0.64
SGBAUG30,GB,15163,-1.21,5095.39,0,0.64
FAZE3Q,EQ,488.7,0.47,1202.1,0.13,0.64
BIRLAMONEY,EQ,120.2,-2.2,679.24,0.53,0.64
NAVNETEDUL,EQ,127.5,-0.15,2820.47,0.5,0.64
AKSHOPTFBR,BE,8.71,-0.91,141.71,7.4,0.63
RMC,EQ,211.1,-2.25,223.38,0.3,0.63
UNITEDPOLY,EQ,42.95,-0.28,985.77,1.44,0.63
TAMBOLIIN,BE,303,1.02,300.58,0.2,0.63
HAZOOR,EQ,19.3,-2.03,555.12,3.25,0.62
SILVER001,EQ,22.98,-2.63,191.54,2.7,0.62
SHIVAUM,EQ,465,0.77,632.42,0.13,0.62
PILANIINVS,EQ,4190,-1.08,4639.27,0.01,0.62
DOLATALGO,EQ,69.5,-0.39,1223.2,0.9,0.62
NAHARSPING,EQ,272.3,0.55,982.06,0.23,0.62
VASCONEQ,EQ,29.9,-0.83,692.77,2.06,0.62
BIOFILCHEM,EQ,34.4,-6.5,55.98,1.73,0.61
SHIVASHRIT,SM,120.75,1.77,220.6,0.51,0.61
AMAL,EQ,741,-2.58,916.07,0.08,0.61
ATL,EQ,25.14,2.15,633.68,2.42,0.6
HALDYNGL,BE,146,2.69,784.77,0.42,0.6
KAMAHOLD,EQ,2267,-0.79,7274.93,0.03,0.6
MAHASTEEL,BE,1265.1,-4.99,2079.12,0.05,0.6
RELINFRA,BE,53.66,-1.99,2192.71,1.11,0.59
TAURIAN,ST,457,-1.4,405.96,0.13,0.59
SPECIALITY,BE,142.8,0.73,688.81,0.41,0.59
KRYSTAL,EQ,614,-1.44,857.88,0.09,0.58
RAPIDFLEET,SM,230.1,-3.4,171.07,0.25,0.58
INNOVISION,EQ,262.45,-1.63,624.98,0.22,0.58
769NHAI31,NE,1158,0.43,1305.84,0.05,0.58
LANCORHOL,BE,37.7,-0.61,277.29,1.51,0.58
AFSL,EQ,201,-0.13,1021.88,0.29,0.58
VIDHIING,EQ,332.5,-1.89,1660.67,0.17,0.58
CLAYCRAFT,SM,156.8,0.8,322.54,0.37,0.57
MATRIMONY,EQ,519,1.65,1072.95,0.11,0.57
MINDTECK,EQ,159,-0.63,508.07,0.35,0.56
ITETF,EQ,30.72,0.52,93.22,1.83,0.56
SACHEEROME,SM,511.8,-0.94,1145.04,0.11,0.56
AERONEU,EQ,68.5,-2.18,176.7,0.81,0.56
SUNSHIEL,EQ,1199.9,-2.58,1055.29,0.05,0.56
RUCHIRA,EQ,109.47,-0.97,326.71,0.51,0.56
VAKRANGEE,EQ,5.39,-1.46,583.84,10.38,0.56
TAKE,EQ,17.61,4.95,260.51,3.17,0.56
SEKURITIND,EQ,110,-2.16,1002.16,0.5,0.55
GULFPETRO,BE,64.5,-1.89,328.85,0.86,0.55
BHAGCHEM,EQ,257.75,-0.17,3342.22,0.21,0.55
MOS,ST,6,-4.76,154.46,9.16,0.55
MANAKALUCO,EQ,36.9,-2.1,241.82,1.48,0.55
COMMOIETF,EQ,98.33,-0.24,125.03,0.56,0.55
BLUEWATER,ST,457.5,4.45,503.25,0.12,0.55
AONESILVER,EQ,8.72,-2.13,33.7,6.31,0.55
SGBSEP28VI,GB,14975.01,-1.22,4777.23,0,0.55
TRITONV,EQ,1103.9,-2.59,565.43,0.05,0.55
ONEGLOBAL,EQ,542,-0.73,1059.23,0.1,0.54
SGBMAY29I,GB,15061,-1.01,8010.91,0,0.54
ALPINETEX,EQ,56.99,-2.11,217.97,0.95,0.54
PLASTIBLEN,EQ,192,-1.11,498.99,0.28,0.54
TECHLABS,SM,135,0.71,233.29,0.4,0.54
TCL,SM,111,-1.94,270.19,0.48,0.54
SUNDROP,EQ,661.1,-1.2,2492.14,0.08,0.54
SONUINFRA,ST,52,0,61.18,1.06,0.54
DURLAX,SM,60,-2.36,173.59,0.88,0.54
MGEL,EQ,15.62,-2.56,514.77,3.38,0.54
NIFTYBETA,EQ,260.21,0.06,71629.37,0.21,0.54
NRL,BE,133.97,-0.65,925.32,0.4,0.54
UNIHEALTH,SM,717.9,-0.97,1141.46,0.07,0.54
HILINFRA,EQ,42.45,-0.33,304.45,1.28,0.53
SUNRAKSHAK,EQ,378,0.65,1172.06,0.14,0.53
MODINATUR,EQ,340,-4.31,452.42,0.15,0.53
KSHITIJPOL,EQ,3.47,1.17,53.52,15.31,0.53
FROG,ST,261,-0.78,405.97,0.2,0.53
SGIL,EQ,597,-0.83,927.92,0.09,0.52
CELLECOR,SM,30.85,-0.8,685.88,1.71,0.52
XCHANGING,EQ,62.5,-1.76,696.27,0.82,0.52
DRAGARWQ,EQ,5325,0.36,2573.48,0.01,0.52
REMUS,SM,885,-0.9,1042.88,0.06,0.52
RUBYMILLS,EQ,450.25,0.98,1505.64,0.12,0.52
FOODSIN,EQ,55.05,-3.03,404.79,0.94,0.52
JAYKAY-RE1,BE,88,0.43,180.55,0.6,0.51
KSR,EQ,42.6,4.08,78.29,1.25,0.51
PCCL,SM,434,-0.73,1071.98,0.12,0.51
MUFTI,EQ,72.93,-1.57,476.92,0.7,0.51
SHAHALLOYS,BE,92.6,-4.3,183.33,0.55,0.51
RPPINFRA,EQ,60.97,-3.27,302.33,0.84,0.51
BENARAS,EQ,11099,3.38,1442.87,0,0.51
ATALREAL,EQ,13.75,-9.95,170.36,3.7,0.51
VISHWARAJ,EQ,5.44,-3.2,118.5,9.34,0.51
DEVX,EQ,33.99,3.03,321.65,1.5,0.5
GANESHIN,ST,101.5,2.68,444.28,0.5,0.5
BTML,EQ,7.4,-5.01,134.46,6.64,0.5
GGBL,SM,214,-0.72,530.74,0.24,0.5
SHANTIINOR,ST,184.95,5,318.99,0.27,0.5
SHREERAMA,EQ,47.24,2.96,630.5,1.08,0.5
DENORA,EQ,790,-1.5,419.38,0.06,0.5
MOVALUE,EQ,111.66,0.06,156.51,0.45,0.5
676GS2061,GS,89.5,-0.84,127179.1,0.56,0.5
SCHAND,EQ,138,1.91,486.76,0.36,0.5
CIFL,EQ,20.28,0.45,793.06,2.47,0.5
PHANTOMFX,SM,112.5,-2.81,179.13,0.44,0.49
SEJALLTD,EQ,645,-4.02,735.3,0.08,0.49
RANASUG,EQ,14.7,-1.01,225.74,3.29,0.49
DCG,SM,89.5,-3.03,162.44,0.55,0.49
KOTHARIPET,EQ,137.7,-3.85,810.31,0.35,0.49
AONETOTAL,EQ,11.72,0,42.83,4.19,0.49
OPTIVALUE,ST,190.35,4.99,445.64,0.26,0.49
SUNCLAY,EQ,1296.1,0.07,2857.4,0.04,0.48
JAYSREETEA,EQ,92.6,-2.61,267.41,0.52,0.48
SHARIABEES,EQ,436.28,-0.52,56.83,0.11,0.48
SUPREMEINF,EQ,84.5,-4.77,817.42,0.56,0.48
SAWALIYA,SM,161,-4.73,159.68,0.29,0.48
SHEKHAWATI,BE,19.37,4.99,66.77,2.48,0.48
INFRABEES,EQ,946.69,0.19,183.63,0.05,0.48
743GS2076,GS,98.09,-0.21,80433.8,0.49,0.48
MADHUSUDAN,ST,238,1.71,384.01,0.2,0.47
QMSMEDI,BE,157.98,5,305.49,0.3,0.47
KRISHIVAL,EQ,418,-0.04,1047.81,0.11,0.47
SMARTLINK,BE,230.53,4.99,229.95,0.21,0.47
SINGERIND,EQ,75.68,2.24,470.87,0.63,0.47
IFBAGRO,EQ,890,1.74,833.67,0.05,0.46
DENTALKART,SM,390,0,676.4,0.12,0.46
NARMADA,EQ,14.39,2.42,109.18,3.2,0.46
HARDWYN,EQ,9.2,0.88,629.09,4.96,0.45
IWARE,ST,441.1,-3.16,507.56,0.1,0.45
HDFCNIFBAN,EQ,58.41,0.65,4934.48,0.78,0.45
HEALTHY,EQ,17,0,81.3,2.66,0.45
NAMOEWASTE,ST,284.05,2.23,649.55,0.16,0.45
KOHINOOR,EQ,31.2,3.41,115.66,1.49,0.45
AARON,EQ,127.5,-6.9,267.07,0.35,0.45
SGBJAN30IX,GB,15250,0.47,3558.11,0,0.44
SKP,SM,171,-0.12,283.86,0.26,0.44
STARPAPER,EQ,167.5,-1.38,261.44,0.26,0.44
LADDERUP,EQ,74.31,19.99,78.79,0.59,0.44
DJML,EQ,81.81,0.07,281.25,0.54,0.44
ANNAPURNA,EQ,138,2.2,301.12,0.32,0.44
SILVER360,EQ,223.75,-2.86,45.56,0.2,0.44
BHADORA,ST,123,-1.56,228.78,0.35,0.44
EIHAHOTELS,EQ,285.95,-1.92,1742.47,0.15,0.44
SIKKO,BE,5.83,4.86,254.65,7.61,0.44
SGBAPR28I,GB,15175,-0.59,2690.34,0,0.43
NATHBIOGEN,EQ,148,-1.67,281.26,0.3,0.43
CANARYS,SM,23.4,2.18,137.46,1.88,0.43
GCHOTELS,ST,100.9,4.89,251.44,0.44,0.43
CPCAP,EQ,135,0.38,245.6,0.32,0.43
MULTICAP,EQ,16.51,-0.12,90.29,2.59,0.43
KSE,EQ,177.76,-0.52,568.83,0.24,0.43
ARHAM,SM,213.95,1.04,466.67,0.2,0.43
GUJAPOLLO,EQ,350,3.44,453.95,0.12,0.42
EMKAY,EQ,250.95,0.7,685.85,0.17,0.42
TREL,EQ,27.17,0.85,667.55,1.57,0.42
FORCAS,ST,222,-0.98,390.28,0.19,0.42
ALUFLUOR,EQ,486.3,-2.18,380.31,0.09,0.42
KILITCH,BE,185,-0.02,646.79,0.23,0.42
MIDSELIETF,EQ,19.88,1.17,116.98,2.13,0.42
HDFCMOMENT,EQ,31,-0.39,127.61,1.36,0.42
EVERESTIND,BE,407.5,-1.91,646.12,0.1,0.42
CURIS,ST,198.35,-4.98,160.35,0.21,0.42
FILATFASH,EQ,0.19,5.56,158.35,245.32,0.42
JAINIK,ST,202.35,-5,290.33,0.2,0.42
ACGL,EQ,1770.1,0.88,1077.75,0.02,0.41
NIRLON,EQ,613.15,-1.11,5525.59,0.07,0.41
RUSHIL,EQ,15.85,-1,465.07,2.58,0.41
OMINFRAL,EQ,79.15,-2.04,762.24,0.51,0.41
LIBAS,EQ,11.25,5.24,29.64,3.71,0.41
726GS2032,GS,102.95,0,152366,0.4,0.41
KARNIKA,SM,120,-0.41,743.97,0.34,0.41
VIGOR,SM,103.5,-10,107.14,0.38,0.41
URJA,EQ,9.05,0.56,475.54,4.52,0.41
EEPL,ST,133.1,-2.31,172.49,0.3,0.4
ARVINDPORT,SM,38.1,6.57,67.81,1.09,0.4
ECOSMOBLTY,EQ,112.8,0.96,676.8,0.36,0.4
LIQUIDSBI,EQ,999.99,0,50.08,0.04,0.4
MAANALU,EQ,111,0.19,665.83,0.36,0.4
HEALTHADD,EQ,16.7,0.24,17.28,2.4,0.4
VRAJ,EQ,125,-1.04,412.28,0.32,0.4
ABSLBANETF,EQ,58.1,0.59,2443.89,0.69,0.4
ONWARDTEC,EQ,283.95,-1.63,631.77,0.14,0.4
BELLACASA,EQ,256.3,-2.22,343.12,0.15,0.4
NV20BEES,EQ,136.5,0.4,140.8,0.29,0.4
MODIS,EQ,365.05,-2.35,715.18,0.11,0.4
TOLINS,EQ,89.06,-2.09,351.87,0.44,0.4
TARACHAND,EQ,47.1,-0.3,371.27,0.84,0.39
INTERNET,EQ,14.77,1.23,38.54,2.66,0.39
HDFCPVTBAN,EQ,28.15,1.48,880.47,1.4,0.39
MNC,EQ,32.78,-0.36,45.75,1.19,0.39
GOLDBND,EQ,150.9,-1.06,10.73,0.26,0.39
SHREDIGCEM,EQ,68.9,-0.28,1019.13,0.57,0.39
INDOAMIN,BE,127.95,0.06,928.76,0.31,0.39
INFOLLION,SM,158.95,3.69,154.29,0.24,0.38
MANCREDIT,EQ,222,1.91,468.73,0.18,0.38
ECORECO,EQ,440.75,0.8,850.5,0.09,0.38
RAMAPHO,EQ,123,-0.46,435.25,0.31,0.38
GSMFOILS,SM,86.1,-4.97,121.34,0.44,0.38
LTGILTCASE,EQ,30.38,-0.07,122.43,1.25,0.38
VINSYS,ST,585,0,862.87,0.07,0.38
ATMASTCO,SM,131.95,2.6,345.16,0.29,0.38
CAPITALSFB,EQ,271.2,-0.35,1233.02,0.14,0.37
BRIGHOTEL,EQ,56.56,0.35,2148.39,0.66,0.37
GATECH,BE,0.73,-3.95,116.64,50.44,0.37
MOKSH,EQ,10.27,0.88,90.63,3.52,0.37
SADBHAV,EQ,7.84,-2.73,134.51,4.69,0.37
UNIDT,BE,231.49,0.44,470,0.16,0.37
PODDARMENT,EQ,280,-5.21,297.08,0.13,0.36
JETFREIGHT,EQ,19.73,-2.33,91.55,1.81,0.36
BAJAJST,EQ,368.8,1.71,767.1,0.1,0.36
AVONMORE,EQ,14.09,-0.7,397.6,2.58,0.36
BBETF0432,EQ,1348,0.11,10354.76,0.03,0.36
RUBFILA,EQ,69,1.34,374.45,0.52,0.36
BPL,EQ,46.92,-0.93,229.79,0.76,0.36
POEL,EQ,141,0.21,433.8,0.25,0.36
RILINFRA,SM,32.35,-1.37,60.19,1.1,0.35
GTPL,EQ,60.3,0.92,678.15,0.59,0.35
APS,SM,239.15,0.5,482.13,0.15,0.35
PUSHPA,SM,110,0.82,266.45,0.32,0.35
MANORG,EQ,466.9,1.77,399.87,0.08,0.35
VAISHALI,EQ,8.86,3.38,115.59,3.93,0.35
SBIMIDMOM,EQ,63.82,0.46,129.89,0.55,0.35
HGS,EQ,383.5,-0.09,1784.05,0.09,0.35
CHEMBOND,EQ,215.15,-4.73,289.34,0.16,0.35
SENSEXBETA,EQ,836,-0.59,56161.91,0.04,0.35
MARUSHIKA,SM,120,0.25,102.44,0.29,0.34
SEL,SM,355,4.87,82.32,0.1,0.34
UDAYJEW,EQ,171.5,-2.07,576.29,0.2,0.34
APTECHT,BE,88.3,0.93,512.16,0.39,0.34
SVLL,BE,785,-1.02,902.26,0.04,0.34
CCCL,EQ,13.96,-1.34,623.68,2.45,0.34
GRADIENTE,EQ,2.52,-0.4,83.76,13.6,0.34
BIKEWO,ST,103.5,-4.03,135,0.32,0.34
SPENCERS,EQ,28.42,-0.77,256.16,1.22,0.34
SUMMITSEC,EQ,1405.2,-2.32,1531.92,0.02,0.34
PRECOT,EQ,653.05,-2.64,783.66,0.05,0.34
SBIBPB,EQ,48.31,-0.8,118.18,0.69,0.34
ALPL30IETF,EQ,27.35,-0.07,1533.6,1.22,0.33
VAL30IETF,EQ,15.03,-0.2,47.69,2.23,0.33
SHAH,EQ,3.54,0,347.76,9.45,0.33
MCCHRLS-B,EQ,673,-0.88,881.66,0.05,0.33
SOFTTECH,EQ,455,4.6,629.82,0.07,0.33
DISAQ,EQ,11785,-0.54,1713.78,0,0.33
SAURASHCEM,EQ,54.99,-0.88,611.97,0.6,0.33
CLASSICEIL,SM,56.15,-4.99,100.87,0.58,0.33
BORANA,EQ,317.5,-0.05,845.99,0.1,0.32
SILVERBND,EQ,227.85,-2.57,12.01,0.14,0.32
MADRASFERT,EQ,61.71,-1.42,994.16,0.52,0.32
BLACKROSE,BE,108.19,-3.22,551.77,0.3,0.32
IRIS,EQ,244,-2.04,501.87,0.13,0.32
PROPSHOP,SM,72,-3.74,105.34,0.44,0.32
IVP,BE,212,-3.2,218.92,0.15,0.32
TTL,EQ,6.7,-0.45,173.07,4.88,0.32
ALMONDZ,EQ,19.2,-1.74,335.81,1.66,0.32
ICELCO,SM,126.4,0.24,230.83,0.25,0.32
NIFTY100EW,EQ,34.58,-0.06,38.54,0.91,0.31
SAAKSHI,ST,345.3,-1.46,609.66,0.09,0.31
GRPLTD,EQ,1915,-3.89,1021.33,0.02,0.31
GOODYEAR,EQ,720,-0.65,1660.79,0.04,0.31
PARTYCRUS,SM,99.95,10.56,119.84,0.33,0.31
DISHTV,EQ,2.5,4.6,460.31,12.81,0.31
GANDHITUBE,EQ,886.55,-1.42,1077.34,0.04,0.31
NIKITA,SM,69.85,-8.33,172.31,0.44,0.31
VERTEXPLUS,SM,68,2.64,37.26,0.46,0.31
GLOBALVECT,EQ,134,-3.14,187.6,0.23,0.31
MOMOMENTUM,EQ,61.9,-0.63,121.82,0.49,0.31
RAPPID,SM,321,0.78,166.66,0.1,0.3
BIOPOL,SM,48.35,2.65,52.24,0.64,0.3
AZADIND,EQ,88.65,2.14,482.64,0.34,0.3
GEEKAYWIRE,EQ,27.8,-2.87,290.57,1.06,0.3
VLSFINANCE,EQ,243.9,-0.32,765.33,0.12,0.3
FCSSOFT,EQ,1.45,2.84,247.89,20.63,0.3
ESTER,EQ,89.52,-1.13,933.65,0.33,0.29
CONSUMER,EQ,11.85,-0.25,56.84,2.49,0.29
LOVABLE,EQ,71.7,-0.21,106.12,0.41,0.29
RAJSREESUG,EQ,33.2,-1.37,110.01,0.88,0.29
DCMNVL,EQ,179,2.17,334.33,0.16,0.29
CGRAPHICS,SM,144,-1.47,349.72,0.2,0.29
VTMLTD,EQ,49.5,-6.11,497.82,0.59,0.29
INDIQUBE,EQ,201.51,-1.97,4271.96,0.14,0.29
TNIDETF,EQ,87.55,-1.19,172.98,0.33,0.29
UCAL,BE,145.99,0.13,322.84,0.2,0.29
MGSL,SM,74,12.89,107.91,0.42,0.29
VIRAT,EQ,454.75,0.98,660.45,0.06,0.29
HTMEDIA,EQ,25,2.8,456.64,1.16,0.29
ECOLINE,ST,170,-0.58,348.76,0.17,0.29
APEXECO,ST,271.6,-4.08,358.11,0.1,0.29
STERTOOLS,BE,214.1,-0.98,778.13,0.13,0.29
PRAMARA,SM,86,-2.22,119.92,0.34,0.29
PVSL,EQ,102,1.46,726.22,0.29,0.29
SIGMA,EQ,44.01,-2.13,452.31,0.64,0.29
ASAL,EQ,461,-1.19,731.35,0.06,0.29
SBISMLETF,EQ,18.47,0.05,8.82,1.55,0.28
BI,BE,93,3.53,218.97,0.31,0.28
STEELCITY,EQ,90.01,-0.43,135.98,0.31,0.28
STEL,EQ,609,3.19,1123.93,0.05,0.28
ACCPL,ST,215,2.38,238.99,0.13,0.28
DHARARAIL,ST,149,4.2,224.75,0.19,0.28
APRAMEYA,SM,116,-4.01,220.86,0.24,0.28
KDL,SM,93,7.39,111.82,0.3,0.28
JAYESH,SM,130.1,-3.63,113.08,0.21,0.28
EMPIND,EQ,1057,-0.52,634.2,0.03,0.28
HCL-INSYS,EQ,10.13,0.1,333.49,2.75,0.28
ZODIAC,EQ,225.6,-2.29,341.84,0.12,0.27
TRF,EQ,222.75,0.88,245.12,0.12,0.27
MITTAL,EQ,0.81,-2.41,35.96,34.02,0.27
NATIONSTD,EQ,110.1,-5,220.2,0.24,0.27
ORIENTPPR,EQ,17.83,-1.27,378.33,1.52,0.27
ABH,ST,62.7,-4.93,71.66,0.43,0.27
BNAGROCHEM,EQ,205,-3.3,2004.35,0.13,0.27
YAAP,SM,127,-2.98,265.85,0.21,0.27
NEPHROCARE,SM,92.65,1.31,152.75,0.29,0.27
POSITRON,SM,178,-5.52,135.29,0.15,0.27
ORIENTCER,EQ,45.51,-2.51,544.48,0.59,0.27
MYMUDRA,SM,66.5,-1.04,75.76,0.41,0.27
ARIHANT,EQ,885,0.19,881.96,0.03,0.27
JHS,EQ,8.58,6.85,74.99,3.06,0.27
96IIFL28,N5,1002.93,0.24,383.95,0.03,0.27
KICL,EQ,5020.5,-1.24,2191.6,0.01,0.26
AVPINFRA,SM,59.3,-1.08,148.13,0.45,0.26
ROHLTD,EQ,307.95,0.24,844.56,0.09,0.26
AVANA,ST,143.5,-2.97,324.96,0.18,0.26
PUNJABCHEM,EQ,1067,-2.27,1308.38,0.02,0.26
CUBEXTUB,EQ,77,-0.26,110.26,0.34,0.26
ALLETEC,SM,132,-1.68,266.56,0.2,0.26
DSFCL,BE,24.7,-3.1,214.87,1.05,0.26
92GS2030,GS,114.45,0.34,70826.87,0.23,0.26
ATLASCYCLE,EQ,96,-2.11,62.44,0.27,0.26
VINEETLAB,EQ,37.57,4.97,72.16,0.72,0.26
RHFL,BZ,1.85,2.78,89.64,13.98,0.26
GICL,BE,25.08,3.08,280.78,1.07,0.26
SNOWMAN,EQ,36.1,-0.17,603.19,0.72,0.26
MUTHOOTCAP,EQ,226.8,-2.43,373.03,0.11,0.26
GLOTTIS,EQ,59.39,1.11,548.78,0.43,0.25
SENSEXETF,EQ,77.47,0.36,40.63,0.33,0.25
AVANCE,EQ,0.82,0,162.52,31.12,0.25
ORICONENT,EQ,51.4,-0.48,807.23,0.48,0.25
HDFCPSUBK,EQ,84.11,-0.7,52.93,0.3,0.25
MAHICKRA,SM,305.95,1.14,299.09,0.08,0.25
INTLCONV,EQ,78.68,1.97,501.83,0.32,0.25
SELECTIPO,EQ,48.42,-0.12,23.64,0.51,0.25
DYNPRO,EQ,231.75,-1.61,288.03,0.11,0.25
SBIETFIT,EQ,323.32,0.93,72.94,0.08,0.25
ANLON,SM,690,3.76,518.18,0.04,0.25
DVL,EQ,290,1.72,1015.72,0.09,0.25
KOTARISUG,BE,28.7,-2.61,237.89,0.84,0.25
LANDSMILL,EQ,0.56,-1.75,79,43.15,0.25
BSE500IETF,EQ,38.85,0.03,361.01,0.63,0.25
VGINFOTECH,SM,142.8,-3.19,355.12,0.17,0.24
DREAMFOLKS,EQ,65.7,-2.12,349.98,0.37,0.24
DIVOPPBEES,EQ,75.2,-0.15,68.71,0.32,0.24
SWARNSAR,EQ,39.5,-5.07,82.46,0.61,0.24
PSRAJ,ST,98.9,4.21,372.77,0.25,0.24
DENEERS,SM,168,-0.5,148.62,0.14,0.24
DPWIRES,BE,153.78,0.2,238.37,0.16,0.24
MOMIDMTM,EQ,64.64,0.45,46.08,0.38,0.24
DIGISPICE,EQ,17.08,3.33,400.82,1.41,0.24
SCPL,BE,649,0.86,681.45,0.04,0.24
AFFORDABLE,EQ,159,-2.06,188.43,0.15,0.24
HEALTHCARE,EQ,21.72,0.18,14.91,1.11,0.24
IL&FSENGG,BZ,38.4,-1.77,503.5,0.62,0.24
NILE,EQ,1448,-0.62,434.68,0.02,0.24
ALBERTDAVD,EQ,846,-0.47,482.83,0.03,0.24
MOGOLD,EQ,150.05,-0.46,1995.56,0.16,0.24
NINSYS,EQ,712.5,0.57,1323.54,0.03,0.24
HINDCOMPOS,EQ,375.1,-1.66,553.99,0.06,0.24
JAYBEE,SM,83.7,-4.78,188.89,0.28,0.23
FAIRCHEMOR,BE,622,-1.97,783.47,0.04,0.23
GEECEE,BE,368,-0.55,769.55,0.06,0.23
ALPHAGEO,BE,314,-0.88,199.85,0.07,0.23
CENTRUM,EQ,22.12,0.96,1076.87,1.05,0.23
AMBALALSA,BE,41.19,-0.84,315.65,0.57,0.23
SGBMAY28,GB,15120,-0.74,3846.97,0,0.23
MCL,EQ,57.96,-3.17,157.32,0.39,0.23
INFLUX,SM,271,-1.38,627.38,0.08,0.23
CYBERTECH,BE,139.01,-1.26,422.32,0.16,0.23
ELGIRUBCO,EQ,58,-3.12,290.29,0.38,0.23
TRIGYN,EQ,57.85,1.44,178.1,0.4,0.23
MAFATIND,EQ,123.3,0.37,889.78,0.18,0.22
ROXHITECH,SM,45.8,-0.87,105.05,0.5,0.22
SGBD29VIII,GB,15200,0,3770.35,0,0.22
SGBJUN30,GB,15300,0.4,3913.53,0,0.22
LIBERTSHOE,EQ,228.9,-0.22,390.05,0.1,0.22
SICALLOG,BE,98.97,0.51,789.63,0.23,0.22
CMNL,SM,113.5,-1.52,273.93,0.2,0.22
ARCHIDPLY,EQ,101.5,1,201.63,0.22,0.22
APOLSINHOT,EQ,1237.7,0.72,321.85,0.02,0.22
PROPEQUITY,SM,197,-6.64,214.33,0.11,0.22
VALUEAXIS,EQ,32.78,0.74,31.96,0.67,0.22
SUKHJITS,EQ,160.5,0.32,501.47,0.14,0.22
CHEMBONDCH,BE,262.2,4.98,705.23,0.09,0.22
LANCER,EQ,12.8,-0.23,452.18,1.69,0.22
PASUPTAC,BE,67.29,-0.69,599.78,0.32,0.21
HPTL,SM,358.15,5,426.73,0.06,0.21
AVG,BE,179.82,-1.46,336.41,0.12,0.21
VETO,BE,125.7,-1.14,240.27,0.17,0.21
HYBRIDETF,EQ,10.05,-0.4,15.41,2.15,0.21
PSUBANKADD,EQ,84.5,-0.14,1494.91,0.25,0.21
COASTCORP,EQ,39.38,-0.13,263.76,0.55,0.21
SGBMAR31IV,GB,15349,-0.37,5420.63,0,0.21
GSLSU,EQ,28,2.87,118.67,0.76,0.21
BATLIBOI,EQ,86,0.48,405.34,0.25,0.21
BOROSCI,EQ,125.5,0.17,1116.34,0.17,0.21
COOLCAPS,ST,25,0,294.06,0.86,0.21
ROSSELLIND,EQ,54.95,-2.05,207.14,0.38,0.21
MKEXIM,EQ,65.79,0.09,265.58,0.34,0.21
NETF,EQ,254.48,-0.86,695.19,0.08,0.21
SBGLP,EQ,21.5,-3.67,372.85,0.96,0.21
SUDARCOLOR,EQ,377.3,-0.95,870.88,0.06,0.21
INSUREIETF,EQ,14.83,0.41,64.7,1.43,0.21
MEDICAPQ,EQ,31.7,-9.99,39.53,0.65,0.21
KAYA,BE,332.9,-1.52,505.6,0.06,0.21
OSWALAGRO,EQ,35.89,4.51,481.77,0.59,0.21
TIGERLOGS,EQ,27.06,-2.42,286.09,0.77,0.21
AFIL,EQ,8.94,0,381.51,2.34,0.21
ACTIVEINFR,SM,173,1.76,259.76,0.11,0.21
INDOKEM,EQ,620,-0.07,1729.07,0.03,0.21
UYFINCORP,BE,19.75,2.28,375.72,1.05,0.21
KCPSUGIND,BE,31,-2.58,351.49,0.66,0.21
VOLERCAR,SM,233.9,-1.27,260.65,0.09,0.21
ELGNZ,SM,84.25,-1.63,190.4,0.24,0.21
JKIPL,EQ,91.75,0.16,352.19,0.23,0.2
SGBJAN29IX,GB,15002.03,-1.38,4305.41,0,0.2
TVTODAY,EQ,109.9,0.18,655.76,0.19,0.2
PELATRO,SM,376,0.13,398.46,0.05,0.2
SRD,EQ,38.37,-0.21,245.44,0.53,0.2
NDL,EQ,2.85,-1.72,410.82,7.12,0.2
VIKASLIFE,EQ,1.23,0,228.49,16.61,0.2
GOLDTECH,BE,45,-3.23,235.18,0.45,0.2
AONENIFTY,EQ,9.74,0.62,21.23,2.09,0.2
TREJHARA,EQ,142.51,-1.94,343.69,0.14,0.2
ELM250,EQ,16.41,0.67,167.28,1.23,0.2
SIGIND,BE,71.2,0.11,209.59,0.29,0.2
CEMNTGROWW,EQ,14.43,0.63,8.37,1.41,0.2
SAKUMA,EQ,1.58,-0.63,247.7,12.74,0.2
746GS2073,GS,101.24,-0.01,118450.8,0.2,0.2
LICNMID100,EQ,62.81,0.43,663.83,0.32,0.2
VCL,BE,1.65,-4.62,30.32,11.59,0.2
MRIL,ST,72.45,5,160.14,0.27,0.2
MOHEALTH,EQ,52.18,0.68,44.69,0.38,0.2
BLAL,EQ,161.85,0.38,674.02,0.12,0.2
NAHARINDUS,EQ,133.86,-0.02,578.35,0.15,0.2
BRAHMINFRA,EQ,158,-0.39,458.49,0.12,0.19
NIF100IETF,EQ,27.41,-0.29,155.02,0.71,0.19
KNAGRI,EQ,193.05,-1.01,482.6,0.1,0.19
SONAMLTD,BE,73,-0.73,292.23,0.26,0.19
ROLLT,BE,4.84,4.99,121.06,4.16,0.19
NURECA,BE,333,-3.07,317.75,0.06,0.19
HOLMARC,SM,108.7,4.97,109.24,0.18,0.19
JINDALPHOT,EQ,1001.1,-0.05,1026.96,0.02,0.19
PARAGON,SM,53.95,-6.34,105.56,0.36,0.19
GINNIFILA,BE,41.25,-0.12,353.31,0.47,0.19
DYNAMIC,ST,139.9,-1.93,329.02,0.14,0.19
MOMENTUM,EQ,31.79,1.47,39.87,0.62,0.19
VIESL,SM,399.75,-1.15,985.08,0.05,0.19
CINELINE,EQ,96,2.59,328.96,0.2,0.19
VILINBIO,SM,59,0.08,89.97,0.32,0.19
MUNJALSHOW,EQ,128.05,0.77,511.96,0.15,0.19
KONSTELEC,ST,63.5,-2.16,95.89,0.3,0.19
ELPROINTL,EQ,173.99,0.13,2948.77,0.11,0.19
82HUDCO27,N2,1052.5,-0.33,2650.43,0.02,0.19
KOKUYOCMLN,EQ,77.53,-1.79,777.66,0.24,0.19
SGBJUN29II,GB,15051,-1.05,2857.39,0,0.19
EBBETF0433,EQ,1308.5,-0.05,6271.53,0.01,0.19
SHIVACEM,EQ,15.82,-1.37,466.69,1.17,0.18
AARVI,EQ,142.6,-0.36,211.68,0.13,0.18
NEOCHEM,SM,102.15,-1.3,174.89,0.18,0.18
SRGHFL,EQ,156,-20,245.04,0.12,0.18
ESSENTIA,EQ,1.07,0.94,187.82,17.43,0.18
AIRAN,EQ,17.35,1.82,216.91,1.09,0.18
TARMAT,EQ,59.25,-2.32,148.51,0.31,0.18
JENBURPH,EQ,1010,-1.64,445.74,0.02,0.18
JYOTIGLOBL,SM,47.45,-0.21,94.05,0.38,0.18
PENINLAND,EQ,15.53,1.37,515.17,1.16,0.18
WOMANCART,ST,104.45,4.45,85.78,0.17,0.18
WTICAB,SM,103.5,1.67,246.45,0.17,0.18
BAIDFIN,EQ,11.92,1.53,184.63,1.52,0.18
BMWVENTLTD,EQ,54.43,-0.29,471.99,0.33,0.18
GILLANDERS,EQ,104.49,2.07,223.01,0.17,0.17
901NHB34,N6,6393,0.3,851.19,0,0.17
RHETAN,EQ,24.01,-4.99,1913.3,0.72,0.17
YASHOPTICS,SM,122.35,5.25,303.01,0.14,0.17
RAMANEWS,EQ,31.01,-3.55,457.47,0.56,0.17
SGBDE30III,GB,15229.66,-0.35,4281.07,0,0.17
SILINV,EQ,471.55,4.56,499.65,0.04,0.17
PPAP,BE,239.75,-0.62,339.32,0.07,0.17
INFINIUM,SM,266.2,-2.85,414.82,0.07,0.17
SUBAHOTELS,SM,102,4.08,247.27,0.17,0.17
ANDREWYU,EQ,26.07,-2.61,1274.7,0.65,0.17
MIRZAINT,EQ,30.55,-0.84,422.21,0.56,0.17
SHIVATEX,EQ,179.99,0.45,233.32,0.09,0.17
NATCAPSUQ,BE,188.7,-1.07,196.46,0.09,0.17
EMAMIPAP,BE,117.75,0.01,712.38,0.14,0.17
VERTOZ,EQ,38.52,-2.28,328.31,0.43,0.17
NIFTYJBLK,EQ,12.13,1.08,78.92,1.38,0.17
ENVIRO,SM,68.25,-1.66,128.24,0.24,0.16
RPPL,BE,20.7,-3.14,153.69,0.8,0.16
GTL,EQ,7.22,0.28,113.57,2.27,0.16
GROWWMOM50,EQ,11.07,-0.18,30.24,1.49,0.16
CHEMFAB,EQ,378,-1.69,543.33,0.04,0.16
SHARDUL,BE,55,0.16,481.21,0.29,0.16
FMCGADD,EQ,45.6,0.44,6.89,0.36,0.16
HDFCNIMEG,EQ,130.69,-1.77,125.83,0.12,0.16
734GS2064,GS,98.58,-0.13,235606.2,0.16,0.16
HILTON,EQ,18.14,-0.77,93.36,0.89,0.16
SPUNWEB,SM,101,-1.94,243.44,0.16,0.16
MAHEPC,EQ,101.52,-1.1,283.76,0.16,0.16
PERMAGN,EQ,861.1,-0.97,740.41,0.02,0.16
9IIFL28,Y0,1033,-1.05,136.3,0.02,0.16
TWCGOLDETF,EQ,150.66,-0.91,31.42,0.11,0.16
EMMBI,BE,89,-0.26,171.24,0.18,0.16
INDBANK,EQ,27.68,-0.14,122.84,0.57,0.16
ZEELEARN,BE,6.8,4.94,222.86,2.4,0.16
HDFCNIFIT,EQ,31.09,0.78,127.61,0.51,0.16
BSHSL,EQ,88,-0.95,923.45,0.18,0.16
ONELIFECAP,BE,32.87,2.88,122.8,0.5,0.16
SANDESH,EQ,1029,0.77,778.89,0.02,0.16
MOMENTUM30,EQ,30.55,-1.13,40.21,0.51,0.16
QUAL30IETF,EQ,20.6,0.19,136.69,0.76,0.15
TRANSPEK,BE,1307.1,0.67,730.09,0.01,0.15
ALLDIGI,EQ,795.2,-0.93,1211.75,0.02,0.15
KANDARP,SM,71.3,-0.83,63.98,0.22,0.15
LGHL,EQ,184.85,-2.45,925.96,0.08,0.15
ALKALI,EQ,76.52,-3.37,77.92,0.2,0.15
INFRA,EQ,11.9,-0.5,10.82,1.28,0.15
AKCAPIT,EQ,1722,1.15,1136.52,0.01,0.15
REPRO,EQ,311.7,1.56,447.14,0.05,0.15
IPHL,SM,75.5,1.48,188.67,0.2,0.15
VIKASECO,EQ,1.06,0.95,187.48,14.27,0.15
ESSARSHPNG,EQ,16.35,1.55,338.41,0.93,0.15
VLEGOV,EQ,10.25,3.85,111.16,1.48,0.15
ENIFTY,EQ,23.62,0.04,15.52,0.63,0.15
PVTBANKADD,EQ,27.77,0.04,763.51,0.54,0.15
DICIND,EQ,600,-0.21,550.74,0.02,0.15
KATARIA,SM,140,0.72,301.44,0.11,0.15
ASHIMASYN,EQ,16.75,-1.93,321.03,0.89,0.15
SHUBHSHREE,SM,360,2.86,188.71,0.04,0.15
BANSWRAS,EQ,113.79,0.66,389.53,0.13,0.15
MAZDA,BE,254.65,-2.43,509.94,0.06,0.15
VIPCLOTHNG,EQ,21.7,2.07,195.58,0.69,0.15
ALANKIT,EQ,7.96,-0.62,215.84,1.86,0.15
ITL,EQ,369.1,0.22,118.27,0.04,0.15
HIGREEN,SM,120.15,-1.52,300.25,0.12,0.14
SUPREME,EQ,34.2,-1.44,132.17,0.42,0.14
VHLTD,BE,119,-0.44,804.19,0.12,0.14
SAHLIBHFI,EQ,82.25,-0.1,254.06,0.17,0.14
AJOONI,EQ,3.48,-0.57,59.94,4.17,0.14
FIBERWEB,EQ,27,0.07,77.74,0.53,0.14
SPCL,SM,64.25,1.9,154.94,0.22,0.14
SGBJUL28IV,GB,15010,-0.73,6200.36,0,0.14
724GS2055,GS,96.4,-0.22,108932,0.15,0.14
ABSLNN50ET,EQ,76.67,0.08,54.25,0.19,0.14
PAVNAIND,EQ,14.9,-1.19,207.9,0.95,0.14
VDEAL,SM,133.7,1.29,65.39,0.11,0.14
VISHAL,EQ,18.49,1.76,457.83,0.77,0.14
LORDSCHLO,EQ,139.5,0.3,399.72,0.1,0.14
ROCKINGDCE,SM,223.5,4.44,126.48,0.06,0.14
PRAXIS,EQ,4.48,-4.88,83.24,3.1,0.14
SICAGEN,EQ,53.26,-3.58,210.76,0.26,0.14
DHABRIYA,BE,507.95,-0.92,549.82,0.03,0.14
CHEVIOT,EQ,1202,0.51,702.19,0.01,0.14
BCONCEPTS,EQ,155.56,0.69,194.17,0.09,0.14
ACL,EQ,42.86,0.42,395.05,0.33,0.14
NV20,EQ,13.56,-0.07,76.36,1.03,0.14
NOVAAGRI,BE,22.88,-0.91,211.69,0.62,0.14
MARC,SM,143.1,-5.23,247.75,0.1,0.14
FOCUS,BE,62,0.05,418.16,0.23,0.14
SHRIAHIMSA,ST,462.15,-0.11,1082.86,0.03,0.14
SINCLAIR,EQ,79.66,-2.35,408.34,0.17,0.14
PROV,SM,1721,-1.66,594.33,0.01,0.14
ARVEE,EQ,177,-9.35,195.05,0.07,0.14
SHREEDHAR,ST,135.8,4.99,291.13,0.1,0.14
ANOND-RE,ST,157.5,7.69,15.09,0.09,0.14
DUCON,EQ,1.78,0,57.84,7.61,0.14
SGBJAN29X,GB,15039.21,-0.67,1825.83,0,0.14
BALAJEE,EQ,25.15,-1.49,205.15,0.54,0.13
IEML,ST,40.45,-0.74,74.16,0.33,0.13
EQUAL200,EQ,13.6,-0.29,19.47,0.99,0.13
865IIFL28,NS,995,0,157.48,0.01,0.13
PROFX,SM,71.1,3.19,124.45,0.19,0.13
VELJAN,BE,1890,-1.53,850.5,0.01,0.13
SHERVANI,EQ,344.3,10.71,88.59,0.04,0.13
ESFL,SM,120,3.99,298.07,0.11,0.13
JMA,EQ,94.3,-1.27,215.39,0.14,0.13
SECURKLOUD,EQ,16.7,-1.3,55.8,0.8,0.13
VARDHACRLC,BE,44.05,-0.45,354,0.3,0.13
LFIC,EQ,139.01,-4.34,41.7,0.09,0.13
EXXARO,EQ,6.39,0.31,285.9,2.06,0.13
SADHAV,SM,112.75,-3.88,181.9,0.11,0.13
IMPAL,EQ,1116,-1.04,1392.77,0.01,0.13
NECLIFE,EQ,11.65,-2.35,226.31,1.11,0.13
HITECHCORP,BE,335,0.83,575.39,0.04,0.13
ABSLPSE,EQ,10.13,-0.1,22.69,1.28,0.13
WEALTH,EQ,845,0.68,900.35,0.02,0.13
ESG,EQ,40.32,0.35,95.31,0.32,0.13
GJL,ST,270,3.85,391.69,0.05,0.13
SGBNV29VII,GB,15040,-1.06,4885.35,0,0.13
RKSWAMY,EQ,93.95,2.71,474.23,0.14,0.13
WARDINMOBI,EQ,5.72,-1.04,172.07,2.21,0.13
BBTCL,EQ,227.3,-3.41,466.22,0.05,0.13
BASILIC,SM,195,0.57,492.67,0.07,0.13
PRITIKAUTO,BE,14.99,0.67,249.6,0.85,0.13
JOCIL,EQ,150.75,0.59,133.88,0.09,0.13
CHAVDA,SM,125.6,2.24,410.16,0.1,0.13
SPCENET,EQ,3.4,-2.02,193.03,3.68,0.12
MAL,SM,48.7,4.96,120.22,0.26,0.12
INVENTURE,EQ,0.93,2.2,97.65,13.63,0.12
HARRMALAYA,EQ,185.11,-0.9,341.63,0.07,0.12
AAKASH,EQ,9.15,0.11,92.64,1.35,0.12
CONSUMIETF,EQ,118.55,-0.65,54.03,0.1,0.12
HAPPY,SM,88.95,-1.17,127.08,0.14,0.12
EMMIL,SM,119.95,-0.04,135.86,0.1,0.12
INTENTECH,EQ,79.29,0.21,187.33,0.16,0.12
830NHAI27,N2,1088.5,0.1,3573.57,0.01,0.12
MID150,EQ,23.25,0.48,14.83,0.52,0.12
NITIRAJ,EQ,237,2.53,242.95,0.05,0.12
PRADPME,BE,486.9,0.05,840.88,0.02,0.12
MOMETAL,EQ,13.08,-1.51,1.64,0.93,0.12
AARTECH,BE,51.9,-0.33,164.89,0.23,0.12
EXIMROUTES,SM,106,-2.75,198.77,0.11,0.12
CHETANA,SM,42,-3.45,85.68,0.29,0.12
GENXAI,SM,82.95,0.42,148.84,0.14,0.12
RNBDENIMS,BE,9.4,-3.98,253.73,1.26,0.12
URBAN,SM,123,0,106.52,0.1,0.12
TUNWAL,SM,24.5,-0.81,141.35,0.48,0.12
SCANSTL,BE,56.21,-2.78,329.4,0.21,0.12
AMEYA,SM,121,4.99,90.75,0.1,0.12
HVAX,SM,669,2.45,185.77,0.02,0.12
VHL,EQ,3446.6,0.1,1099.99,0,0.12
932AEL27,N3,1010,-2.13,44.64,0.01,0.12
HINDADH,EQ,370.75,1.49,189.69,0.03,0.12
BENGALASM,EQ,6250,0.8,7127.44,0,0.12
SHEMAROO,BE,119.05,-2.41,342.03,0.09,0.11
DONEAR,EQ,85.01,-0.23,442.05,0.14,0.11
96IIFL28A,NF,1002.99,0.08,329,0.01,0.11
GLOBECIVIL,EQ,44.4,-0.34,265.15,0.26,0.11
SWISSMLTRY,BE,14.9,-1.84,351.85,0.77,0.11
BVCL,EQ,41.9,-3.55,92.85,0.27,0.11
EMAPARTNER,SM,83,3.75,186.93,0.14,0.11
NIRAJ,EQ,27.2,-2.02,162.37,0.42,0.11
ADDICTIVE,SM,47.5,4.97,75.57,0.24,0.11
A2ZINFRA,EQ,15.35,2.88,272.5,0.75,0.11
OMFREIGHT,BE,88,0.78,296.34,0.13,0.11
SAIFL,SM,4.45,0,26.5,2.56,0.11
SUMIT,EQ,49.5,1.16,236.9,0.23,0.11
MASON,SM,113,-0.35,270.52,0.1,0.11
875NHAI29,N6,1116.41,0.04,1328.31,0.01,0.11
GENSOL,BZ,17.25,-0.63,65.55,0.65,0.11
HDFCVALUE,EQ,122.83,0.38,32.84,0.09,0.11
INDOWIND,EQ,9.16,0.88,147.48,1.22,0.11
GROWWSC250,EQ,10.65,-0.09,17.56,1.04,0.11
ATLANTAA,EQ,37.06,-1.2,302.04,0.3,0.11
KRISHCA,SM,156.5,0.32,249.27,0.07,0.11
HECPROJECT,EQ,118.55,-0.84,128.49,0.09,0.11
FORGEAUTO,SM,100.7,-5,109.96,0.11,0.11
ABINFRA,BE,11.39,0.71,727.58,0.96,0.11
AUSOMENT,EQ,155,1.31,211.17,0.07,0.11
ANANTAM,IV,106.33,-0.53,2312.68,0.1,0.11
GOLD360,EQ,147.7,-0.97,137.04,0.07,0.11
WORTHPERI,EQ,145.65,-2.87,229.41,0.07,0.11
BBNPPGOLD,EQ,146.25,-1.05,333.15,0.07,0.11
ASPINWALL,EQ,260,3.94,203.28,0.04,0.11
VINYLINDIA,EQ,219.09,-1.15,401.75,0.05,0.11
BEACON,SM,81.7,-5,147.82,0.13,0.11
PRAENG,EQ,21.9,-1.35,153.16,0.48,0.11
SMALLGROWW,EQ,49.56,0.81,7.47,0.22,0.11
SINTERCOM,EQ,76.5,-4.16,210.59,0.14,0.11
EMAMIREAL,EQ,69.56,-3.8,361.95,0.15,0.11
SBINEQWETF,EQ,32.55,-0.46,38.55,0.32,0.11
ENKEIWHEL,EQ,399.05,1.75,717.29,0.03,0.1
GROWWNXT50,EQ,72.85,-0.29,9.18,0.15,0.1
HEALTHX,EQ,306.95,0.52,976.42,0.03,0.1
NRVANDANA,SM,68,-1.31,158.4,0.15,0.1
FINBUD,SM,128.55,-1.8,244.88,0.08,0.1
EKI,EQ,68.13,-3.68,188.63,0.15,0.1
TOYAMSL,EQ,0.66,4.76,38.14,15.98,0.1
SGBFEB29XI,GB,15005,-1.09,1842.49,0,0.1
SUPERHOUSE,EQ,169.2,-1.44,186.54,0.06,0.1
TOTAL,BE,76.01,-1.26,122.58,0.13,0.1
SILGO,EQ,70.25,-2.08,276.01,0.14,0.1
GRCL,SM,580,3.18,332.8,0.02,0.1
VSTL,EQ,119,-0.97,225.65,0.08,0.1
GENUSPAPER,EQ,12.09,-0.08,310.87,0.83,0.1
KDGREEN,EQ,49.2,-1.87,285.41,0.2,0.1
TICL,BE,7.12,-3.65,110.36,1.41,0.1
PTL,EQ,38.4,0.6,508.33,0.26,0.1
TOP15IETF,EQ,9.59,0.31,12.66,1.04,0.1
CLEDUCATE,EQ,59.22,-1.27,321.52,0.17,0.1
10IIFL28A,NE,1048.98,0.67,288.15,0.01,0.1
690GS2065,GS,93.05,-0.05,184239,0.11,0.1
738GS2027,GS,102.75,0.18,145905,0.1,0.1
S&SPOWER,EQ,353,3.04,435.66,0.03,0.1
SOMICONVEY,EQ,92.21,-0.59,108.62,0.1,0.1
SGBJUL29IV,GB,15000,-1.01,4385.64,0,0.1
BIGBLOC,EQ,40.97,0.99,580.04,0.24,0.1
METROGLOBL,EQ,138.87,0.29,171.29,0.07,0.1
ASMS,BE,6.93,0.29,211.07,1.41,0.1
SHEEL,ST,61,-1.61,124.15,0.16,0.1
MAXPOSURE,SM,31.4,7.72,71.41,0.31,0.1
XELPMOC,EQ,75,-1.59,111.17,0.13,0.09
HLVLTD,EQ,6.4,0.31,421.93,1.49,0.09
STCINDIA,EQ,113.4,0.13,680.4,0.08,0.09
MOTOUR,EQ,76.36,-0.29,16.99,0.12,0.09
GREENCHEF,SM,70,-1.06,162.9,0.14,0.09
BALAXI,EQ,23.33,0.39,128.8,0.4,0.09
SIDDHIKA,SM,235,1.78,145.21,0.04,0.09
DHANSA,SM,35.75,4.99,96.18,0.26,0.09
DEVIT,EQ,24.4,1.79,137.53,0.38,0.09
BCPL,EQ,70.39,-0.93,117.72,0.13,0.09
DUCOL,SM,127.95,1.11,231.06,0.07,0.09
VALUE360,SM,68.4,-3.59,110.06,0.13,0.09
OWAIS,ST,76.55,-1.98,139.19,0.12,0.09
COMPUSOFT,EQ,12.89,-2.42,101.99,0.7,0.09
BEDMUTHA,EQ,103.52,-1.76,334,0.09,0.09
SURANAT&P,EQ,16.08,0.19,218.3,0.56,0.09
GSS,EQ,10.2,-2.58,26.68,0.88,0.09
MHLXMIRU,BE,157.8,-0.32,167.59,0.06,0.09
RNPL,SM,61.85,-4.99,74.74,0.14,0.09
MADHAVBAUG,ST,160,0.66,168.22,0.06,0.09
AGARWALTUF,SM,149.8,-1.64,289.51,0.06,0.09
OSWALGREEN,EQ,20.01,1.11,513.88,0.44,0.09
SGBAUG27,GB,15005,-0.69,1537.77,0,0.09
MADHAVIPL,EQ,8,1.01,215.67,1.1,0.09
TECH,EQ,31.93,0.73,26.09,0.27,0.09
HITECHGEAR,BE,570,-1.63,1072.74,0.02,0.09
MOM50,EQ,246.88,0.56,75.29,0.04,0.09
EMETAL,EQ,13.06,-3.19,7.41,0.66,0.09
VMOBILE,SM,59.05,1.64,36.43,0.14,0.09
NAHARPOLY,EQ,233,-0.33,572.9,0.04,0.08
SHILGRAVQ,EQ,163.37,-2.99,100.47,0.05,0.08
LINC,EQ,95.5,-1.85,568.12,0.09,0.08
NIFTYBETF,EQ,241.36,0,145.07,0.04,0.08
SHYAMDHANI,ST,52.95,-3.02,109.37,0.16,0.08
DCM,BE,75,-1.57,140.08,0.11,0.08
CRESTO,EQ,17.11,6.87,23.67,0.53,0.08
CRSL,BE,2.63,2.33,111.29,3.26,0.08
READYMIX,SM,71,2.23,77.81,0.12,0.08
GROWWN200,EQ,11.16,0.18,16.09,0.75,0.08
BEWLTD,SM,48.8,-0.2,63.8,0.17,0.08
UNITEDTEA,EQ,433,-0.64,216.35,0.02,0.08
ENIL,EQ,101.05,-0.68,481.71,0.08,0.08
ODYCORP,EQ,7.2,2.42,64.44,1.21,0.08
SGBN28VIII,GB,15020,-1.05,2363.33,0,0.08
KANCHI,EQ,390.75,-3.22,169.74,0.02,0.08
ECAPINSURE,EQ,23.35,0.3,14.9,0.36,0.08
LOTUSCHO,EQ,596,-0.18,765.33,0.01,0.08
SMALLIETF,EQ,18.28,-1.03,9.63,0.45,0.08
HDFCNIF100,EQ,25.47,0,73.07,0.32,0.08
NEPTUNE,SM,179,1.42,405.5,0.04,0.08
JPOLYINVST,EQ,991,-0.57,1041.73,0.01,0.08
NEXT50ETF,EQ,73.08,-0.18,20.55,0.11,0.08
MAJESAUT,BE,365,-1.92,379.51,0.02,0.08
SUTLEJTEX,BE,39.5,-0.35,647.12,0.2,0.08
AUSTENG,EQ,134.9,6.19,46.92,0.06,0.08
PRLIND,SM,41.8,-2.79,95.57,0.19,0.08
BRANDMAN,SM,172.5,2.04,318.39,0.05,0.08
GSEC10IETF,EQ,262.33,0,600.77,0.03,0.08
ADVANIHOTR,EQ,49.4,2,456.65,0.16,0.08
SRIVASAVI,ST,72.05,-2.64,102.12,0.11,0.08
INDOUS,EQ,78.2,-1.68,156.81,0.1,0.08
SBIETFPB,EQ,282.15,1.3,1146.85,0.03,0.08
GLOSTERLTD,EQ,582,-2.91,636.9,0.01,0.08
BMLL,SM,158,-1.25,198.69,0.05,0.08
OSIAHYPER,BE,2.45,0,43.35,3.22,0.08
DBEIL,EQ,7.05,-0.84,328.4,1.11,0.08
SHRADDHA,EQ,153.68,2.44,620.88,0.05,0.08
CTE,BE,41.2,-2.46,80.88,0.19,0.08
SIL,EQ,17.75,-1.93,114.18,0.43,0.08
XTGLOBAL,EQ,29.5,-1.8,395.66,0.26,0.08
ARCL,EQ,249.9,5,199.92,0.03,0.08
GLOBE,EQ,1.82,-1.62,81.98,4.22,0.08
DHARAN,BZ,0.14,7.69,73.2,58.57,0.08
RKEC,EQ,19.42,1.3,50.14,0.4,0.08
SKYTECH,SM,27.9,-4.94,27.4,0.27,0.08
JEYYAM,ST,20.7,-1.43,98.32,0.36,0.08
FLEXIADD,EQ,9.83,0.41,14.42,0.77,0.08
SAHAJSOLAR,SM,94,1.4,206.54,0.08,0.08
UMIYA-MRO,EQ,97.45,2.75,182.08,0.08,0.07
MARALOVER,EQ,62.6,-0.08,259.84,0.12,0.07
LOTUSEYE,EQ,113.5,1.68,236.04,0.07,0.07
MANUFGBEES,EQ,161.46,-0.46,11.35,0.05,0.07
MAKERSL,EQ,183,2.83,107.98,0.04,0.07
KCEIL,SM,75.05,-3.91,91.74,0.1,0.07
GVKPIL,BE,2.25,1.81,355.19,3.24,0.07
MOBILISE,SM,113.55,0,108.01,0.06,0.07
MITCON,EQ,80,-2.02,139.35,0.09,0.07
AMARJOTHI,EQ,151.99,-0.24,102.59,0.05,0.07
WOL3D,SM,143.9,0.98,92.84,0.05,0.07
GOYALALUM,EQ,6.05,-1.47,86.35,1.19,0.07
AHLADA,EQ,34.9,-1.11,45.09,0.2,0.07
81TCHF28,N8,1018.99,0,39,0.01,0.07
865IRFC29,NA,1105,-0.44,760.64,0.01,0.07
DKEGL,SM,70.9,-2.88,53.23,0.1,0.07
709GS2054,GS,95,-0.38,140600,0.07,0.07
ACETEC,SM,145,0.69,237.56,0.05,0.07
892NHPC33,N6,1265,0.16,320.83,0.01,0.07
TECHNVISN,EQ,4766,-0.87,2990.66,0,0.07
CYBERMEDIA,BE,23.2,3.71,47.93,0.32,0.07
MOTOGENFIN,EQ,25.63,-4.61,99.26,0.26,0.07
HDFCGROWTH,EQ,115.98,0.42,18.14,0.06,0.07
620GS2029,GS,100,0,11000,0.07,0.07
MANILAM,SM,45.45,2.13,99.3,0.16,0.07
AAATECH,EQ,92.5,-0.29,118.65,0.07,0.07
LICNETFN50,EQ,263.8,0.14,845.1,0.03,0.07
CONSOFINVT,BE,301.4,-0.22,974.32,0.02,0.07
VEEKAYEM,SM,100.05,-4.99,58.79,0.07,0.07
ISHANCH,EQ,44.9,0.18,122.6,0.15,0.07
ALPA,EQ,61,-2.59,128.35,0.11,0.07
SATTVAENGG,SM,62.15,4.45,108.57,0.11,0.07
KHFM,SM,43.4,1.28,100.3,0.15,0.07
DELPHIFX,BE,5.7,-3.39,139.8,1.15,0.07
GREENLEAF,ST,104.05,-2.76,61.69,0.06,0.07
VALUE,EQ,15.93,-0.69,12.56,0.41,0.07
694GS2036,GS,102.28,0,173730.86,0.06,0.07
SGBOC28VII,GB,15199,-0.2,2826.28,0,0.07
ARIHANTSUP,EQ,217,-1.09,938.52,0.03,0.07
DIAMINESQ,EQ,259,0.35,260.38,0.03,0.07
BHARATGEAR,BE,101.11,-1.52,155.25,0.06,0.06
NILAINFRA,EQ,6.63,-1.49,261.15,0.97,0.06
HMT,BZ,63.4,-0.8,4820.62,0.1,0.06
SURANASOL,EQ,25.5,-0.51,125.48,0.25,0.06
MIDQ50ADD,EQ,24.33,-0.25,96.26,0.26,0.06
CHOICEGOLD,EQ,150.02,-1.2,51.75,0.04,0.06
DRONE,SM,33.5,0.3,81.74,0.19,0.06
LICNETFGSC,EQ,29.27,-0.34,1910.96,0.22,0.06
SEMAC,EQ,271.2,-3.09,84.54,0.02,0.06
ELCIDIN,EQ,106850,0.42,2137,0,0.06
SLONE,ST,183.1,2.81,96.48,0.04,0.06
CPEDU,EQ,177,-4.62,322.02,0.04,0.06
BANKPSU,EQ,84.33,0.04,47.28,0.08,0.06
BANK10BETF,EQ,20.44,0.79,182.6,0.31,0.06
PRATHAM,SM,123.5,2.7,224.92,0.05,0.06
VASWANI,EQ,45.77,-1.38,150.79,0.13,0.06
DTIL,BE,143,-0.83,150.26,0.04,0.06
ITAXIS,EQ,320.98,1.04,53.95,0.02,0.06
MAYASHEEL,SM,35.5,0,78.28,0.18,0.06
MOHITE,EQ,2.71,-1.45,54.47,2.42,0.06
EPWINDIA,ST,255,-0.02,292.73,0.02,0.06
SHRADHA,EQ,30.9,-0.93,250.28,0.2,0.06
BAGFILMS,EQ,4.55,2.02,99.08,1.37,0.06
ENSER,SM,15.15,2.36,132.05,0.4,0.06
COMFINTE,EQ,6.09,0.83,194.84,1.01,0.06
SAMPANN,EQ,24.87,3.15,121.39,0.25,0.06
ADVIKCA,EQ,1.03,-0.96,62.68,6.04,0.06
BANK10ADD,EQ,16.71,1.64,344.73,0.36,0.06
RUCHINFRA,EQ,5.56,-2.11,131.23,1.08,0.06
IDFNIFTYET,EQ,258.6,-0.21,3.7,0.02,0.06
695GS2061,GS,92,-1.92,135240,0.06,0.06
SETCO,BE,16.8,-2.1,224.73,0.35,0.06
SATECH,SM,40,-1.72,52.23,0.15,0.06
EMULTIMQ,EQ,41.85,-0.59,31.46,0.14,0.06
ARCHIES,EQ,12.16,-2.88,41.08,0.48,0.06
NIRMAN,SM,27.7,-0.72,22.19,0.21,0.06
743REC35,NH,1210,0.83,225.13,0,0.06
LAMBODHARA,EQ,136.55,-0.49,141.71,0.04,0.06
MPEL-RE,ST,2,-20,3.11,2.69,0.06
RAJMET,EQ,3.21,-1.53,88.75,1.8,0.06
INCREDIBLE,EQ,33.9,9.43,158.53,0.17,0.06
MYSORPETRO,BE,141.1,-5,92.89,0.04,0.06
THEINVEST,EQ,97.9,0.58,511.45,0.06,0.06
HALEOSLABS,EQ,1455,0.3,439.89,0,0.06
HINDCON,EQ,24.46,4.8,125.21,0.24,0.06
PANSARI,EQ,288.8,-1.43,503.86,0.02,0.06
3PLAND,EQ,31.49,-1.59,56.68,0.18,0.06
NIRAJISPAT,BE,300.4,-4.92,18.02,0.02,0.06
MUNISH,SM,93,-2.11,223.85,0.06,0.06
SRTL,EQ,37.31,-0.21,149.15,0.15,0.06
965AEL27,N4,1011,-0.1,479.55,0.01,0.06
VIVOBIOT,EQ,17.37,2.24,38.55,0.33,0.06
TSC,ST,54.85,4.98,79.64,0.1,0.05
SUNDRMBRAK,BE,713.65,-1.58,280.79,0.01,0.05
KRITIKA,EQ,5.4,0.56,143.79,1.01,0.05
NDGL,EQ,2689,-0.99,268.9,0,0.05
RELCHEMQ,EQ,111,-2.37,83.73,0.05,0.05
TOP20,EQ,8.65,0,13.91,0.63,0.05
QNIFTY,EQ,258.4,0.07,62.05,0.02,0.05
AKI,BE,6.14,-4.95,63.37,0.88,0.05
AMBICAAGAR,EQ,24.86,-2.47,42.7,0.21,0.05
NECCLTD,BE,19.15,-0.57,200.12,0.28,0.05
NIPPOBATRY,EQ,318,-1.38,238.5,0.02,0.05
76NHAI31,NA,1109,0.05,2966.87,0,0.05
UNIONGOLD,EQ,148.35,-0.67,293.12,0.04,0.05
AKANKSHA,SM,131,0,256.5,0.04,0.05
890AEL31,NN,1058,0.05,215.99,0.01,0.05
QUINT,EQ,40.11,2.24,189.35,0.13,0.05
ASHWINI,SM,174,-0.03,261,0.03,0.05
BONLON,EQ,40.01,-0.6,65.55,0.13,0.05
KRITINUT,EQ,81.95,-0.04,410.6,0.06,0.05
HEALTHAXIS,EQ,168.53,0.24,25.36,0.03,0.05
GIRIRAJ,SM,84.5,4.97,202.13,0.06,0.05
AMBAAUTO,SM,103,-0.96,188.74,0.05,0.05
ZENITHSTL,EQ,5.84,-2.5,83.09,0.88,0.05
SHBAJRG,EQ,155,-2.82,139.5,0.03,0.05
SNXT30BEES,EQ,42.17,-0.71,6.93,0.12,0.05
YOGI,EQ,157.15,1.15,707.17,0.03,0.05
753IRFC30,NJ,1135.99,0.16,1220.3,0,0.05
LATTEYS,EQ,21.75,1.02,125.05,0.24,0.05
ORTINGLOBE,EQ,17.11,4.97,13.91,0.3,0.05
EQUIPPP,BE,23.43,-0.3,241.55,0.22,0.05
RUDRA,EQ,20.14,0.7,202.09,0.25,0.05
901HUDCO34,NE,1282,0.08,860.42,0,0.05
VOITHPAPR,EQ,1451.3,-2.25,637.49,0,0.05
SENSEXAXIS,EQ,77.21,-0.01,123.38,0.07,0.05
SHREYANIND,EQ,133,-1.82,183.87,0.04,0.05
EUROBOND,EQ,150.1,0.07,367.75,0.03,0.05
CHAMUNDA,SM,41.3,-3.05,45.45,0.12,0.05
BSL,EQ,120.69,-1.12,124.22,0.04,0.05
11VCCL27,N0,99000,-0.5,29.7,0,0.05
10MWL29,N0,97090,-2.36,48.55,0,0.05
RRIL,EQ,16.11,0.88,195.28,0.31,0.05
MANAV,SM,40.75,1.88,53.63,0.12,0.05
UFO,EQ,62.36,-1.14,242.11,0.08,0.05
AEPL,EQ,17.5,-0.34,439.31,0.28,0.05
NEXT50ADD,EQ,72.91,-2.2,9.27,0.07,0.05
BHANDARI,EQ,3.03,1,100.89,1.61,0.05
MONEXT50,EQ,72.46,-0.29,16.23,0.07,0.05
ARABIAN,SM,78.1,-3.76,85.07,0.06,0.05
118VCCL27A,N0,96000,0,19.2,0,0.05
MKPL,EQ,3.99,-0.5,149.77,1.21,0.05
KREBSBIO,EQ,59.73,-2.83,128.78,0.08,0.05
VISAMAN,SM,47.6,-4.99,101.25,0.1,0.05
UNIVPHOTO,BE,536.1,-0.81,586.85,0.01,0.05
PULZ,SM,24.7,0,53.87,0.2,0.05
VMSTMT,EQ,44.01,-0.18,218.43,0.11,0.05
751HUDCO28,N5,1068.05,0.1,1360.95,0,0.05
VISHNUINFR,SM,156.9,0.42,406.77,0.03,0.05
1065NFL27,NC,1001,0,94.39,0,0.05
ZSARACOM,EQ,10600,-5.27,1161.68,0,0.05
ASPIRE,SM,13.4,-0.37,20.34,0.36,0.05
SRIKPRIND,BE,30.7,-2.32,61.85,0.15,0.05
GOLDSTAR,SM,8.2,4.46,234.68,0.56,0.05
SOMATEX,EQ,84.1,-0.45,277.81,0.06,0.05
KAMOPAINTS,EQ,4.32,0.7,142.13,1.05,0.05
NGIL,EQ,33.57,-3.2,58.88,0.14,0.05
OPTIFIN,EQ,14.5,-0.48,108.35,0.31,0.05
BNKETFAXIS,EQ,585,0.57,303.51,0.01,0.05
CREATIVEYE,EQ,5.72,-5.77,11.47,0.81,0.05
LAHOTIOV,EQ,41.46,0.78,120.95,0.11,0.05
73GS2053,GS,98.85,-0.2,192757.5,0.05,0.04
PRESSTONIC,SM,29.45,-1.17,44.88,0.15,0.04
CAPTRUST,BE,18.22,-0.38,61.98,0.25,0.04
IMC1,N3,252,0.76,61.49,0.02,0.04
SADBHIN,BE,2.55,0.79,89.82,1.78,0.04
KHAITANLTD,EQ,164.9,3.63,78.33,0.03,0.04
WATERBASE,EQ,46.85,0.64,194.08,0.1,0.04
717GS2030,GS,104,0.52,107120,0.04,0.04
930AEL30,NF,1044,0.72,234.1,0,0.04
MOXSH,SM,93.9,0.21,89.21,0.05,0.04
RAJTV,EQ,8.21,4.99,42.62,0.54,0.04
NEUEON,BE,11.7,-2.9,661.57,0.37,0.04
IMPEXFERRO,BZ,5.18,1.97,45.55,0.85,0.04
VISACHROME,EQ,35.75,2.44,521.2,0.12,0.04
NAGREEKCAP,EQ,25.15,9.97,31.73,0.18,0.04
SAJHOTELS,ST,37,2.49,59.66,0.12,0.04
AGROPHOS,EQ,23.16,-0.9,46.95,0.19,0.04
VIRINCHI,EQ,14.32,1.13,158.32,0.3,0.04
SUVIDHAA,EQ,2.26,-6.22,47.42,1.85,0.04
SGBFEB28IX,GB,15030,-1.42,610.15,0,0.04
NAVKARURB,BE,0.88,-1.12,98.74,4.88,0.04
LRRPL,SM,93,0,80.36,0.04,0.04
DAICHI,BE,337.05,-1.17,251.14,0.01,0.04
KIRANVYPAR,EQ,207.02,0.01,564.84,0.02,0.04
TGBHOTELS,EQ,9.75,-1.12,28.55,0.43,0.04
TIJARIA,BE,7.41,-4.88,21.21,0.56,0.04
INDIANCARD,EQ,212.78,1.63,126.42,0.02,0.04
ISTLTD,EQ,642,-2.87,748.84,0.01,0.04
843IHFL29,NC,981,-0.41,52.72,0,0.04
BYKE,BE,31.03,-1.87,162.22,0.13,0.04
MCON,SM,41.2,-1.08,30.22,0.1,0.04
PARNAXLAB,EQ,127,-0.38,145.87,0.03,0.04
K2INFRA,ST,47.05,-1.05,59.37,0.08,0.04
ICDSLTD,BE,62.52,-3.31,81.44,0.06,0.04
ODIGMA,EQ,22.22,-0.49,69.46,0.18,0.04
VARDMNPOLY,EQ,5.95,0.17,287.4,0.66,0.04
ATAM,EQ,55.5,3.35,63.62,0.07,0.04
ARSHIYA,BZ,0.77,4.05,20.29,5.3,0.04
RELIABLE,EQ,137.5,1.14,141.9,0.03,0.04
GKWLIMITED,EQ,1584.8,1.83,945.57,0,0.04
IDEALTECHO,SM,98.9,15.67,49.45,0.04,0.04
SCML,SM,77.9,2.91,112.93,0.05,0.04
CURRENT,SM,81.75,2.19,156.53,0.05,0.04
DPSCLTD,BE,7.2,2.13,701.13,0.54,0.04
RHL,EQ,168,0.85,290.5,0.02,0.04
MAHESHWARI,BE,70.71,-1.61,209.28,0.05,0.04
KARMAENG,EQ,39.9,5.33,46.16,0.1,0.04
PRITIKA,SM,63.3,3.86,166.89,0.06,0.04
SHREEOSFM,SM,56,3.7,86.26,0.07,0.04
MEGASTAR,EQ,275.65,-3.26,311.31,0.01,0.04
MOMGF,EQ,160,-0.65,1.6,0.02,0.04
KANANIIND,EQ,1.5,-0.66,29.68,2.51,0.04
HGM,EQ,48.5,-2.16,61.09,0.08,0.04
LCCINFOTEC,EQ,3.14,-1.57,52.94,1.2,0.04
MAGSON,SM,184.5,-0.24,261.77,0.02,0.04
AKSHAR,EQ,0.42,0,33.07,8.96,0.04
GROWWPSUBK,EQ,84.03,-0.5,6.03,0.04,0.04
CSSL,SM,91,-2.67,218.83,0.04,0.04
IBLFL,SM,61,0.83,150.86,0.06,0.04
GROWWPSE,EQ,98.19,-0.19,17.85,0.04,0.04
REFRACTORY,SM,26.15,4.81,57.01,0.14,0.04
DHRUV,EQ,21.85,-4.12,41.44,0.17,0.04
DHTL,SM,32.5,-4.97,10.21,0.11,0.04
SETF10GILT,EQ,263.98,-0.19,3259.99,0.01,0.04
TPHQ,BE,0.51,2,55.91,7.24,0.04
APCL,EQ,98,-0.62,287.87,0.04,0.04
MOALPHA50,EQ,56.23,-0.35,3.54,0.06,0.04
MBECL,BE,330.4,5,1156.4,0.01,0.04
INSPIRISYS,EQ,87.3,1.22,345.86,0.04,0.04
SNEHAA,SM,44.25,-3.49,45.04,0.08,0.04
ITALIANE,SM,31,0.49,45.81,0.12,0.04
89IHFL29,N1,985,0.61,14.99,0,0.04
GANGABATH,SM,19.9,-2.93,44.19,0.18,0.04
MAHAPEXLTD,EQ,54.26,-3.5,152.93,0.06,0.04
SUNDARAM,EQ,1.2,0,56.87,3.01,0.04
BASML,BE,24.7,-1.2,197.41,0.15,0.04
SHKSIL,SM,36.1,1.98,69.28,0.1,0.04
RSSOFTWARE,EQ,29.65,1.51,76.59,0.12,0.04
DUGLOBAL,SM,23.75,9.45,170.86,0.15,0.04
BARFLEX,SM,58.05,-3.09,143.67,0.06,0.04
SHEETAL,SM,353,0.79,404.4,0.01,0.04
ALFREDHE,EQ,2880,-0.69,222.17,0,0.04
MIDCAPBETA,EQ,230.43,-0.86,13.06,0.02,0.03
SBIVALETF,EQ,14.58,-0.27,5.96,0.24,0.03
SUPERSPIN,BE,7.39,0.41,40.65,0.47,0.03
891NTPC33,N6,1276.05,-0.13,510.38,0,0.03
BRIGHTBR,EQ,254.85,0.43,144.76,0.01,0.03
KALANA,SM,19.25,-3.51,25.1,0.18,0.03
PRITI,BE,34.49,1.26,46.06,0.1,0.03
CONS,EQ,11.9,0.17,34.1,0.29,0.03
SAVY,SM,140,-0.78,291.32,0.02,0.03
DRCSYSTEMS,EQ,12.95,0.7,186.59,0.26,0.03
ORIENTALTL,EQ,5.09,0,37.42,0.65,0.03
KRITI,EQ,62.06,-1.34,327.03,0.05,0.03
SECMARK,EQ,144.45,-3.16,150.91,0.02,0.03
AROGRANITE,EQ,23.85,-1.41,36.49,0.14,0.03
MURUDCERA,EQ,29.74,-0.87,180.06,0.11,0.03
VINNY,EQ,0.98,-2,45.59,3.32,0.03
VADILENT,EQ,10400,0,897.17,0,0.03
JAINAM,SM,216,-3.57,252.96,0.01,0.03
CROWN,EQ,112.4,-1.81,130.27,0.03,0.03
GRETEX,SM,215,-4.51,333.38,0.01,0.03
IPRINGLTD,EQ,145.05,-1.89,183.86,0.02,0.03
COMPEAU,EQ,362,0.84,232.02,0.01,0.03
718GS2037,GS,102,-0.44,175440,0.03,0.03
MOQUALITY,EQ,195,-0.43,30.06,0.02,0.03
SGBMAR30X,GB,15192,-0.2,2339.1,0,0.03
PVTBKGROWW,EQ,27.21,-0.44,6.58,0.12,0.03
SENSEXADD,EQ,77.35,-0.09,3.73,0.04,0.03
VIJSOLX,EQ,633.7,1.25,202.86,0.01,0.03
PARSVNATH,BE,1.72,1.78,74.85,1.82,0.03
DELAPLEX,SM,101.5,-5.14,92.96,0.03,0.03
HMVL,BE,78.79,0.04,580.46,0.04,0.03
930APMD31,N0,103730.01,-0.26,1037.29,0,0.03
RACE,EQ,99.9,3.6,172.4,0.03,0.03
SONAMAC,SM,35.25,2.77,48.38,0.09,0.03
SURYALA,EQ,395,-0.89,168.55,0.01,0.03
ENERGYDEV,EQ,14.81,-2.05,70.35,0.21,0.03
AMJLAND,EQ,37.81,-1.33,155.02,0.08,0.03
PRAKASHSTL,EQ,3.73,-1.58,65.28,0.81,0.03
NAHARCAP,EQ,259,0.82,433.73,0.01,0.03
SURYALAXMI,EQ,56.03,-3.6,105.37,0.05,0.03
DHUNINV,EQ,995,0.35,606.67,0,0.03
SGBAUG29V,GB,15137,-0.41,3470.53,0,0.03
KKJEWELS,SM,99,-2.22,103.8,0.03,0.03
AARNAV,BE,30.6,-2.27,129.25,0.1,0.03
SHIGAN,SM,66.5,0.76,135.18,0.04,0.03
MALUPAPER,EQ,34.69,0.87,59.18,0.09,0.03
ASHALOG,SM,60,0,81.34,0.05,0.03
SBINMID150,EQ,22.94,-0.04,13.75,0.13,0.03
MBLINFRA,EQ,23,-0.56,358.52,0.13,0.03
IHF261224,N1,1130,1.89,6.37,0,0.03
SURAJLTD,EQ,199.99,-0.33,367.26,0.01,0.03
91D151026,TB,99.3,-0.03,15210.88,0.03,0.03
IVZINNIFTY,EQ,269.4,0.12,90.16,0.01,0.03
12VCCL29B,N0,99000,-0.98,54.45,0,0.03
SEYAIND,BE,12.68,1.93,33.69,0.23,0.03
GROWWLOVOL,EQ,10.19,-0.1,3.85,0.29,0.03
820IIFL27,N9,998,0.55,52.55,0,0.03
SBIETFCON,EQ,118.66,0.01,20.68,0.02,0.03
879SCL30,N0,98000,0,196,0,0.03
AONETMMQ50,EQ,10.39,0.19,16.44,0.28,0.03
KLL,SM,24.7,6.01,45.77,0.12,0.03
BEARDSELL,EQ,24.8,1.68,97.8,0.12,0.03
NORBTEAEXP,EQ,64.4,0.41,100.1,0.05,0.03
SMALLADD,EQ,18.55,0.22,8.28,0.16,0.03
COMMITTED,SM,362,4.35,422.44,0.01,0.03
MEDIORG,SM,23.95,-4.96,35.64,0.12,0.03
AHLEAST,EQ,133.65,-1.62,231.1,0.02,0.03
ELDEHSG,EQ,780.2,-0.18,767.17,0,0.03
RAJPALAYAM,EQ,758,0.92,698.89,0,0.03
ENERGYAXIS,EQ,19.06,-0.63,7.11,0.15,0.03
LAXMICOT,EQ,12.82,-2.73,21.98,0.22,0.03
905LTF27,NF,1037.25,-0.24,365.11,0,0.03
BRNL,EQ,16.8,0.9,141.04,0.17,0.03
MOHITIND,EQ,23.62,0.3,33.44,0.12,0.03
TEAMGTY,EQ,235,-0.14,211.34,0.01,0.03
764MP34,SG,99.5,-0.5,4776,0.03,0.03
RBS,SM,87,0,208.79,0.03,0.03
OBCL,EQ,55.7,-0.34,117.43,0.05,0.03
GRAPHISAD,SM,26,3.38,47.52,0.11,0.03
TARAPUR,EQ,13,2.04,25.35,0.21,0.03
DIVINEHIRA,ST,112.4,-0.22,439.95,0.02,0.03
NOIDATOLL,EQ,4.03,1,75.04,0.68,0.03
TUTIALKA,EQ,59.8,2.26,728.58,0.05,0.03
CHEMCRUX,EQ,82.1,-4,121.58,0.03,0.03
ITADD,EQ,30.62,0.1,167.02,0.09,0.03
CGVAK,EQ,148.7,1.68,75.1,0.02,0.03
PARAMOUNT,SM,44.65,4.94,31,0.06,0.03
99AEL29,N7,1057.9,-0.1,136.31,0,0.03
LOWVOL,EQ,200.1,-0.21,42.09,0.01,0.03
EFORCE,SM,19.5,0.52,45.63,0.13,0.03
STLSTRINF,EQ,21.2,19.98,18.32,0.13,0.03
TRUST,SM,27.7,2.59,66,0.1,0.03
MLKFOOD,EQ,80.99,-2.91,207.3,0.03,0.03
HINDALUMI,EQ,95.2,-1.42,59.98,0.03,0.03
97MOFSL34,N7,1094.5,-0.5,248.42,0,0.03
DIGIKORE,SM,37.8,-0.92,47.88,0.07,0.03
ONDOOR,SM,288,-1.08,201.61,0.01,0.03
BANKA,EQ,81.8,4.97,89.42,0.03,0.03
GLOBALPET,SM,170.55,-2.35,201.03,0.01,0.03
ABCOTS,EQ,202.35,-1.56,444.43,0.01,0.03
MOIPO,EQ,48.71,0.06,6.33,0.05,0.03
ABMKNO,EQ,181,-0.19,362.04,0.01,0.03
MIDCAPADD,EQ,22.81,-0.74,12.78,0.11,0.03
VIJAYPD,SM,65,4.84,126.94,0.04,0.03
888ECL28,N1,984.3,-1.08,40.28,0,0.03
FONEBOX,SM,125,5,128.25,0.02,0.03
1275DCCL28,N0,9993.08,0.11,14.99,0,0.02
GVPTECH,BE,8,-0.62,146.12,0.31,0.02
AMNPLST,EQ,165.2,-1.33,908.93,0.01,0.02
762NTPC35F,ND,1230,1.07,203.86,0,0.02
SVGLOBAL,EQ,126.55,-10.12,228.84,0.02,0.02
AKG,EQ,10.5,-2.14,33.37,0.23,0.02
UWCSL,SM,122.45,0,63.72,0.02,0.02
MHHL,SM,33.85,4.15,61.73,0.07,0.02
GUJRAFFIA,EQ,41.74,1.38,22.56,0.06,0.02
79NHIT47,N3,417.26,-1.05,625.89,0.01,0.02
GATECHDVR,BE,0.5,4.17,9.48,5.07,0.02
PARASPETRO,EQ,2.18,1.4,72.86,1.12,0.02
SETUINFRA,BZ,0.7,4.48,8.8,3.49,0.02
ORCHASP,EQ,1.42,-1.39,49.19,1.69,0.02
SGBSEP27,GB,15056.5,-0.77,945.39,0,0.02
BOHRAIND,EQ,13.15,-0.23,27.84,0.18,0.02
764IRFC31,NO,1147,0.12,1369.88,0,0.02
BANKADD,EQ,57.9,0.38,433.27,0.04,0.02
KAUSHALYA,BE,822,-2.21,28.47,0,0.02
842IIFL26,NL,1000,-0.04,147.25,0,0.02
KOTHARIPRO,EQ,65.8,0.06,392.75,0.04,0.02
CCHHL,EQ,12.49,-0.08,204.17,0.19,0.02
DELTIC,SM,33.55,-2.04,51.3,0.07,0.02
CORALFINAC,EQ,32.15,-2.22,129.57,0.07,0.02
888SCL25E,N4,888,7.05,8.16,0,0.02
97SFL29,YZ,1099.95,-1.01,37.56,0,0.02
MAGNUM,EQ,18.61,-2.57,127.31,0.12,0.02
LAKSHMIMIL,EQ,7800,0,542.81,0,0.02
BALAJIPHOS,SM,116,0,275.81,0.02,0.02
GSTL,SM,10.95,-0.9,17.45,0.22,0.02
ABSL10BANK,EQ,170.8,3.52,381.18,0.01,0.02
MODIRUBBER,EQ,124.4,-0.79,311.5,0.02,0.02
ABHAPOWER,SM,23.95,-0.21,44.52,0.1,0.02
SHIVAAGRO,EQ,39.62,-1.74,39.59,0.06,0.02
RTSPOWR,EQ,87.9,-0.19,80.59,0.03,0.02
IWP,EQ,34.4,0.38,220.07,0.07,0.02
ANTGRAPHIC,EQ,0.76,5.56,11.78,3.05,0.02
ANYA,SM,15,2.39,180,0.15,0.02
ADROITINFO,EQ,10.88,0.09,59.44,0.2,0.02
737GS2028,GS,104.2,-0.07,78150,0.02,0.02
SUMEDHA,EQ,43.5,11.54,34.73,0.05,0.02
INVICTA,SM,68,-1.45,85.49,0.03,0.02
AGSTRA,BZ,1.93,1.58,24.79,1.17,0.02
NAGREEKEXP,EQ,22.61,1.25,70.65,0.1,0.02
MMWL,EQ,13.5,-2.67,1529.2,0.16,0.02
ITBETA,EQ,308,-0.37,6.39,0.01,0.02
SHIVAMAUTO,EQ,16.65,-0.18,218.94,0.13,0.02
SAGARDEEP,EQ,24.09,0.21,41.09,0.09,0.02
9IIFL28A,NT,1041.25,0.02,123.84,0,0.02
USK,EQ,20.61,0.24,114.09,0.1,0.02
GAYAHWS,EQ,1.93,1.58,46.25,1.13,0.02
TCIFINANCE,BE,15.01,-0.66,19.32,0.14,0.02
KCK,ST,14.65,1.74,93.18,0.15,0.02
RVHL,EQ,39.3,-0.38,241.01,0.05,0.02
SHYAMCENT,BE,4.96,-0.2,105.24,0.42,0.02
RAJPUTANA,SM,210,-2.33,147.7,0.01,0.02
NIFTYQLITY,EQ,20.83,0.14,24.18,0.1,0.02
NFPSAMPOOR,SM,21,-4.76,26.53,0.1,0.02
ENCOMPAS,SM,259.5,0.19,368.06,0.01,0.02
MASTER,SM,415,0,166,0.01,0.02
HYBRIDFIN,BE,16.77,-1.99,49.36,0.13,0.02
LAGNAM,EQ,72.78,0.34,128.59,0.03,0.02
JISLDVREQS,EQ,20.7,-0.67,39.94,0.1,0.02
GROWWMC150,EQ,228.18,-0.4,6.29,0.01,0.02
BANARBEADS,EQ,109.2,-1.23,72.04,0.02,0.02
HDIL,BZ,1.46,-2.01,69.2,1.39,0.02
BALKRISHNA,EQ,16,-1.72,51.55,0.13,0.02
648GS2035,GS,100,0,226000,0.02,0.02
ZODIACLOTH,EQ,69.5,-1.31,190.83,0.03,0.02
ABANSENT,EQ,28,0.79,195.3,0.07,0.02
BULKCORP,ST,85.4,0.12,64.17,0.02,0.02
AVIANSH,SM,102.5,0.99,143.26,0.02,0.02
GML,SM,16.9,4.32,25.64,0.12,0.02
QUALITY30,EQ,20.18,-0.2,2.75,0.1,0.02
82IGT31,NJ,1037.95,0.52,621.92,0,0.02
QUESTLAB,SM,84.7,0.89,138.8,0.02,0.02
AAKAAR,SM,63,0,89.29,0.03,0.02
1025PATE28,N0,100000,0.5,90,0,0.02
KAKATCEM,EQ,108,-1.3,83.96,0.02,0.02
709GS2074,GS,95.24,0.5,150479.2,0.02,0.02
12AFIL28,N0,9900,0.51,49.5,0,0.02
INM,SM,165,5.77,230.85,0.01,0.02
DIGIDRIVE,EQ,17.45,-0.11,67.29,0.11,0.02
79NHIT40,N2,313,0.32,469.5,0.01,0.02
HBSL,EQ,52.8,-2.89,37.69,0.04,0.02
865IFL28,NZ,981.51,-0.36,87.27,0,0.02
SGBJUN28,GB,15030,-0.83,3589.66,0,0.02
NEWJAISA,ST,17.25,5.18,61.71,0.12,0.02
MADHUCON,BE,4.35,-3.12,32.1,0.44,0.02
KEYFINSERV,EQ,239.15,-1.56,133.13,0.01,0.02
12VCCL28,N0,97090,-1.43,77.67,0,0.02
ETML,SM,80.75,-0.74,157.27,0.02,0.02
MOMNC,EQ,31.8,-0.53,2.38,0.06,0.02
MEGAFLEX,SM,96,-4.95,116.46,0.02,0.02
PALASHSECU,EQ,86.99,-1.14,87.02,0.02,0.02
TNTELE,EQ,9.1,1.79,41.56,0.21,0.02
INDTERRAIN,EQ,28.65,-0.1,145.16,0.07,0.02
MARCO,SM,31.55,1.45,59,0.06,0.02
IDENTICAL,SM,18.9,-0.26,26.51,0.1,0.02
MAITREYA,SM,116,-4.13,78.6,0.02,0.02
RAJINDLTD,SM,62.1,0,137.96,0.03,0.02
PATINTLOG,BE,13.16,0.38,84.47,0.14,0.02
PENTAGON,ST,93,-2.72,71.7,0.02,0.02
SOCL,SM,29,0.17,38.84,0.06,0.02
TVVISION,BE,2.74,-4.86,10.62,0.68,0.02
RKDL,EQ,18.05,-1.47,43.32,0.1,0.02
SMLT,EQ,62.99,2.52,86.23,0.03,0.02
RAJRILTD,BE,21,-0.9,1167.77,0.09,0.02
LAL,EQ,8.81,-0.9,152.18,0.2,0.02
GTECJAINX,BE,28,0.36,28.53,0.07,0.02
MOPSE,EQ,99.27,-0.41,2.38,0.02,0.02
LPDC,EQ,6.17,0.49,82.77,0.29,0.02
RCDL,SM,14.5,1.4,34.68,0.12,0.02
MOLOWVOL,EQ,35.29,-0.34,72.04,0.05,0.02
PNC,EQ,16.55,0.18,23.94,0.11,0.02
GKB,EQ,64.8,-0.45,32.66,0.03,0.02
AERON,SM,85,0,144.67,0.02,0.02
NIMBSPROJ,EQ,165.43,4.99,319.59,0.01,0.02
BRACEPORT,SM,54.4,0.74,61.48,0.03,0.02
DAMODARIND,BE,28.8,-2.34,67.1,0.06,0.02
SGBOCT26,GB,15130,-0.46,472.9,0,0.02
BAGDIGITAL,SM,103,-1.62,218.55,0.02,0.02
68GS2060,GS,91.5,-0.01,77703.38,0.02,0.02
RULKA,SM,107,1.04,52.52,0.01,0.02
TIPSFILMS,EQ,326,-0.43,140.93,0.01,0.02
SAMBHAAV,EQ,5.88,1.03,112.37,0.27,0.02
910TCAP28,NA,1033,-7.77,353.13,0,0.02
AIROLAM,EQ,84.25,-1.31,126.39,0.02,0.02
UNIENTER,EQ,91.32,-0.25,635.09,0.02,0.02
REGENCERAM,EQ,33.98,-5.74,89.85,0.05,0.02
SANGANI,SM,53.9,-1.1,74.26,0.03,0.02
MTEDUCARE,BE,1.86,0,13.43,0.89,0.02
MACOBSTECH,SM,197,-0.98,192.97,0.01,0.02
12VCCL27,N0,51000,0.49,10.2,0,0.02
WEIZMANIND,EQ,71.35,-0.31,110.55,0.02,0.02
925ISF28,N0,9751,0,170.64,0,0.02
DIVIDEND,EQ,34.91,-0.26,14.96,0.04,0.02
PIONRINV,BE,87.21,-2,107.24,0.02,0.02
PRISMX,EQ,0.59,0,25.91,2.7,0.02
TRU,EQ,4.3,0.47,51.11,0.36,0.02
BURNPUR,BE,16.71,-4.95,28.78,0.09,0.02
CINEVISTA,EQ,14.69,2.3,84.37,0.11,0.02
IL&FSTRANS,BZ,2,-1.48,65.79,0.76,0.02
NEXT30ADD,EQ,42.48,-0.38,46.48,0.04,0.02
DANGEE,EQ,2.77,-1.77,42.65,0.55,0.02
ZENITHDRUG,SM,47.85,3.24,82.06,0.03,0.01
948SCL27A,ZJ,1000,0,12.48,0,0.01
MSCI360,EQ,9.94,-0.2,6.56,0.15,0.01
364D031226,TB,98.71,0,6712.28,0.01,0.01
PML,EQ,498.95,2.51,153.88,0,0.01
GLOBALE,EQ,10.92,0.65,11.6,0.13,0.01
PIONEEREMB,EQ,20.5,0.39,63.15,0.07,0.01
BSLSENETFG,EQ,78.08,3.38,272.02,0.02,0.01
VITAL,EQ,55.67,-0.52,133.34,0.03,0.01
SUPTANERY,BE,10.28,-4.99,111,0.14,0.01
880IREDA29,N5,1125,0.88,263.87,0,0.01
1075SCL33A,N2,850,-10.05,7.01,0,0.01
712BR34,SG,95,0,1900,0.01,0.01
HRHNEXT,SM,23.65,-4.83,31.23,0.06,0.01
UMESLTD,EQ,5,-0.2,13.21,0.28,0.01
ENEXT50,EQ,72.21,0.15,8.16,0.02,0.01
VICTORYEV,SM,15.45,1.31,37.22,0.09,0.01
SBIETFQLTY,EQ,216.1,-0.2,79.1,0.01,0.01
ZEAL,SM,77.55,-1.9,103.22,0.02,0.01
SERVICE,SM,68.05,-3.75,90.7,0.02,0.01
915SCL27,Z7,1029.99,-4.28,12.25,0,0.01
TRANSCOR,EQ,25.39,1.36,81.28,0.06,0.01
EBANKNIFTY,EQ,56.94,-0.21,3.08,0.02,0.01
TOKYOPLAST,EQ,78.95,2.79,75.01,0.02,0.01
EFACTOR,SM,166,-2.84,217.98,0.01,0.01
FMNL,EQ,9.55,4.37,57.92,0.14,0.01
VIVIMEDLAB,BE,6.03,-1.95,50,0.22,0.01
MEDISTEP,SM,22.5,-3.85,31.97,0.06,0.01
MOOILGAS,EQ,11.4,3.26,1.43,0.12,0.01
91D011026,TB,99.4,-0.2,9840.6,0.01,0.01
SPLIL,EQ,30,-1.64,87,0.04,0.01
ADDIND,EQ,78.95,5.51,85.24,0.02,0.01
AKASH,EQ,24.82,-0.24,41.85,0.05,0.01
HISARMETAL,EQ,157.2,1.24,84.89,0.01,0.01
TFL,EQ,11.81,-2.48,65.09,0.11,0.01
OMFURN,SM,53,0,62.4,0.02,0.01
PILITA,EQ,7.85,-0.38,184.47,0.16,0.01
9AEL30,NE,1033.5,-1.57,77.39,0,0.01
CKKRETAIL,SM,151,-1.31,292.46,0.01,0.01
ESENSEX,EQ,75.25,-0.27,14.29,0.02,0.01
MSCIINDIA,EQ,29.37,0.27,1824.15,0.04,0.01
HEXATRADEX,EQ,157,0.08,867.34,0.01,0.01
HDFCLOWVOL,EQ,20.04,0.3,34.27,0.06,0.01
BOSS,SM,59.4,2.5,26.41,0.02,0.01
LLOYDS,SM,58.5,0,141.19,0.02,0.01
WEWIN,EQ,43.4,0.95,44.1,0.03,0.01
RRECL,EQ,133.8,6.19,352.01,0.01,0.01
CELEBRITY,EQ,6.88,2.38,44.41,0.17,0.01
741GS2036,GS,104.7,-0.1,157050,0.01,0.01
USASEEDS,SM,90.3,-0.22,91.07,0.01,0.01
CEDAAR,ST,12.6,1.2,17.49,0.09,0.01
ORBTEXP,BE,237.01,0,608.15,0,0.01
GSEC5IETF,EQ,66.26,0.11,20.73,0.02,0.01
MON50EQUAL,EQ,32.51,-0.52,153.41,0.03,0.01
SHANTI,EQ,6.27,1.13,6.96,0.18,0.01
REXPRO,SM,37,2.21,41.46,0.03,0.01
EBANK10,EQ,16.45,1.23,15.46,0.07,0.01
FWSTC,SM,185,-3.14,188.28,0.01,0.01
KRIDHANINF,EQ,1.95,-2.01,18.48,0.56,0.01
DHATRE,EQ,4.36,5.31,47.5,0.26,0.01
970CAGL28,ND,1018,0,257.79,0,0.01
RADIOCITY,EQ,6.11,-1.61,211.21,0.18,0.01
828GS2032,GS,107.65,0.05,97624.67,0.01,0.01
MMEL,SM,27,2.86,50.78,0.04,0.01
REPL,BE,61,0.21,110.55,0.02,0.01
MPEL,ST,22.35,-4.89,17.38,0.05,0.01
VIVIDHA,EQ,0.51,0,14.93,2.05,0.01
SYLVANPLY,SM,53,-4.5,102.69,0.02,0.01
930APMD33,N0,105800,0.71,1057.99,0,0.01
930APMD32,N0,105500,0,1054.99,0,0.01
920HFL30,N0,104450,0.12,208.9,0,0.01
SANWARIA,BZ,0.19,0,13.99,5.49,0.01
PVTBANK,EQ,27.53,0.66,15.85,0.04,0.01
COUNCODOS,BE,6.45,1.1,50.05,0.16,0.01
BIRDYS,SM,85.45,-4.95,60.68,0.01,0.01
TROM,SM,58.05,-4.05,53.38,0.02,0.01
YCCL,SM,8.5,-1.16,16.41,0.12,0.01
CREST,EQ,355.1,-0.64,1010.25,0,0.01
SHRJAGP,EQ,647,0.55,566.64,0,0.01
SAYAJIHOTL,EQ,320.1,-1.57,560.75,0,0.01
935LTF29,N5,1110,0,123.12,0,0.01
ASTAR,EQ,583,-0.81,933.2,0,0.01
990SCL26A,NL,362.55,0,2.69,0,0.01
FEL,BZ,0.38,2.7,17.29,2.65,0.01
MASKINVEST,EQ,144,-3.11,43.94,0.01,0.01
KJMCFIN,EQ,60.34,-2.01,28.88,0.02,0.01
ABAN,BE,14.42,-0.07,84.16,0.07,0.01
SHRENIK,BZ,0.3,3.45,18.36,3.32,0.01
STUDIOLSD,SM,9.6,2.67,49.82,0.1,0.01
BALCO,SM,19.95,5,8.71,0.05,0.01
ACCURACY,BE,4.21,0.24,63.39,0.23,0.01
SPECTSTM,SM,59.25,0.42,136.83,0.02,0.01
MERCANTILE,EQ,23.85,-0.75,266.92,0.04,0.01
DHANLAXMI,SM,23.6,0,38.53,0.04,0.01
HRYNSHP,EQ,100.84,1.53,62.18,0.01,0.01
KONTOR,SM,54.75,9.28,33.84,0.02,0.01
UPHOT,EQ,1499,4.97,809.46,0,0.01
FLEXITUFF,BE,2.17,3.33,7.12,0.45,0.01
VIRTUALG,BE,0.45,4.65,25.48,2.12,0.01
71MH33,SG,93,-1.02,1395,0.01,0.01
KEN,SM,38.7,0,95.07,0.02,0.01
1075SCL33,YK,1084.5,0,7.14,0,0.01
WINSOL,SM,114.25,2.93,131.79,0.01,0.01
INFOMEDIA,EQ,5.2,-0.57,26.1,0.18,0.01
TECILCHEM,EQ,9.47,0.42,17.96,0.1,0.01
SGBFEB27,GB,15025,-0.82,311.6,0,0.01
737CG31,SG,97.21,0.08,1458.15,0.01,0.01
EBIX,BE,20,1.88,428.59,0.04,0.01
SGBJUL27,GB,14999.9,-1.32,803.92,0,0.01
AUROIMPEX,SM,27.85,4.9,33.98,0.03,0.01
MOGSEC,EQ,65.09,-0.84,152.64,0.01,0.01
HDFCQUAL,EQ,57.43,0.05,19.88,0.02,0.01
DGCONTENT,EQ,24.12,0.12,140.35,0.04,0.01
AEL1212026,NO,1055,0.57,35.13,0,0.01
GRANDOAK,EQ,35.49,-3.77,1841.52,0.02,0.01
364D070127,TB,97.6,1.49,7808,0.01,0.01
SGLRES,EQ,2.45,3.81,61.37,0.37,0.01
SGL,EQ,9.8,-1.01,26.45,0.09,0.01
MONIFTY100,EQ,24.78,0.65,16.45,0.03,0.01
AGRITECH,EQ,99.87,0.8,59.32,0.01,0.01
THAKDEV,EQ,135,-2.87,121.5,0.01,0.01
ROML,EQ,43.22,2.59,64.78,0.02,0.01
GROBTEA,EQ,941.1,-1.97,109.39,0,0.01
SDREAMS,SM,83,0,155.4,0.01,0.01
AHLWEST,BE,505,-3.99,588.39,0,0.01
BMETRICS,SM,34.45,-4.31,42.42,0.02,0.01
SPRL,SM,102,0,18.25,0.01,0.01
DBSTOCKBRO,BE,27.61,-1.39,96.64,0.03,0.01
862AEL31,NM,1010,-1.27,51.47,0,0.01
ARTNIRMAN,EQ,39.92,0.13,99.62,0.02,0.01
12AFIL27,N0,9951,6.09,49.76,0,0.01
NTCIND,EQ,136.45,3.61,198.11,0.01,0.01
MODTHREAD,EQ,52.94,2.56,184.1,0.02,0.01
748UP36,SG,98,-2,2940,0.01,0.01
LOYALTEX,EQ,213.55,-1.86,102.86,0,0.01
930APMD27,N0,76615,0,766.14,0,0.01
AATMAJ,SM,18.6,2.48,42.04,0.04,0.01
BIMETAL,EQ,640.5,-0.7,244.99,0,0.01
ONYX,ST,38,-1.94,68.9,0.02,0.01
EASTSILK,BE,64,3.41,32,0.01,0.01
SGBJUN27,GB,15025,-1.28,690.83,0,0.01
YUDIZ,SM,22.6,-2.59,23.32,0.03,0.01
PARAMATRIX,SM,61.2,3.73,67.61,0.01,0.01
1060ECL29,NS,1078.4,0.04,210.56,0,0.01
RVTH,EQ,740.4,-2.9,227.08,0,0.01
CRAYONS,SM,23.95,-4.96,58.51,0.03,0.01
SHRIKANHA,SM,22.8,0,35.53,0.03,0.01
TREEHOUSE,EQ,6.17,3.7,26.11,0.12,0.01
QUADPRO,SM,3,3.45,15.16,0.24,0.01
AURUS,EQ,4.92,2.5,14.51,0.15,0.01
ORIENTLTD,BE,82.75,1.25,82.75,0.01,0.01
ARYAMAN,EQ,635,1.6,777.68,0,0.01
IIFLZC28,NG,1667.7,-0.26,113.64,0,0.01
12VPT28,N0,9998,0.79,20,0,0.01
ADL,EQ,71.54,0.38,39.82,0.01,0.01
LEXUS,EQ,13.59,1.04,28.25,0.05,0.01
SUNLOC,EQ,75.5,0,77.42,0.01,0.01
AESTHETIK,SM,68.5,-0.8,117.96,0.01,0.01
SVPGLOB,EQ,3.46,1.17,43.77,0.2,0.01
ARMOUR,ST,17.45,0,29.44,0.04,0.01
732GS2030,GS,105.32,1.46,73724,0.01,0.01
9PCPL28A,N0,9652,1.06,48.26,0,0.01
PRANIK,SM,42.15,-5.07,46.41,0.02,0.01
GOLDKART,SM,107.1,5,179.77,0.01,0.01
SITINET,BZ,0.29,3.57,25.29,2.38,0.01
10IIFL28,N4,1006.99,-0.2,234.35,0,0.01
744TN55A,SG,94.5,0,4725,0.01,0.01
VERITAAS,SM,27.5,-4.35,7.76,0.02,0.01
AISL,SM,54.65,-4.96,63.87,0.01,0.01
HEADSUP,EQ,7,1.45,15.46,0.09,0.01
LAKSHYA,SM,81,-1.22,81.68,0.01,0.01
SMARTEN,ST,53.6,0.09,101.84,0.01,0.01
PREMCO,EQ,396,2.51,130.87,0,0.01
GOLDENTOBC,BZ,25.49,4.04,44.88,0.03,0.01
ATCENERGY,ST,22.2,-12.77,45.26,0.02,0.01
EASTWEST,EQ,2.36,0.85,30.11,0.27,0.01
BLUEPEBBLE,SM,79,0,32.23,0.01,0.01
GANGESSECU,EQ,115.16,-0.4,115.2,0.01,0.01
NIF500BETA,EQ,36.78,-0.43,8.91,0.02,0.01
VSCL,SM,20.8,-3.26,31.2,0.03,0.01
KKVAPOW,SM,364,3.88,22.7,0,0.01
SAPPL,EQ,290.8,1.66,257.38,0,0.01
ANSALAPI,BZ,3.33,-1.77,52.42,0.18,0.01
875SFL27,ZF,1015,-1.26,14.04,0,0.01
GURUNANAK,SM,38.05,-4.88,45.66,0.02,0.01
SUNREST,SM,38.05,2.28,16.33,0.02,0.01
PACIFICI,EQ,140,1.58,96.5,0,0.01
WHITEFORCE,SM,37.2,-6.06,43.15,0.02,0.01
950ISF27C,N0,9869,-0.01,296.07,0,0.01
SATIPOLY,ST,38.8,-4.9,19.19,0.01,0.01
PHOENXINTL,EQ,30.15,0,50.62,0.02,0.01
RCDL-RE,ST,2.1,-12.5,5.02,0.27,0.01
SHREEKARNI,SM,381,-1.04,275.42,0,0.01
9PFL31A,NA,1035,-0.29,159.4,0,0.01
ARUNAYA,SM,14.2,0,24.9,0.04,0.01
CURAA,EQ,76.6,0.95,75.83,0.01,0.01
CRAVATEX,EQ,323.95,1.78,83.71,0,0.01
NBIFIN,EQ,2020,0.5,596.88,0,0.01
SNXT50BETA,EQ,94.37,1.27,33.64,0.01,0.01
10CAGL27,N5,1005.01,-1.66,55.77,0,0.01
UNIINFO,EQ,10.95,-2.84,11.71,0.05,0.01
INSPIRE,SM,9.25,-2.63,12.59,0.06,0.01
SHUBHLAXMI,SM,18.4,3.95,19.51,0.03,0.01
PRECISION,ST,6.65,-5,15.27,0.08,0.01
TAINWALCHM,EQ,207.25,-1.32,194.07,0,0.01
NIDAN,SM,13.5,2.66,18.77,0.04,0.01
MOINFRA,EQ,58.87,-0.1,3.25,0.01,0.01
NPBET,EQ,284.56,0.58,20.31,0,0.01
LARGEMID50,EQ,35.69,-0.39,23.13,0.01,0.01
HAMPTON,EQ,8.05,-4.17,220.74,0.06,0.01
JIWANRAM,SM,4.3,0,10.64,0.12,0.01
MFML,EQ,19,0.32,20.18,0.03,0.01
737NTPC35C,NA,1368,12.22,249.76,0,0.01
MOSERVICE,EQ,30.35,0.73,6.15,0.02,0.01
71GS2034,GS,103.5,-1.78,165600,0.01,0.01
QUICKTOUCH,SM,17.9,1.42,22.94,0.03,0.01
SAICAPI,EQ,157,1.07,45.21,0,0.01
IVZSENSEX,EQ,75.01,0.5,5.52,0.01,0.01
FLFL,BZ,1.19,3.48,24.01,0.45,0.01
ANIKINDS,EQ,44.67,0.63,123.97,0.01,0.01
865SCL27,N4,996.9,-0.41,25.38,0,0
91D221026,TB,99.21,0.05,15156.35,0.01,0
RETAIL,EQ,17.28,4.1,14.18,0.03,0
MUKTAARTS,BE,58.57,2.97,132.28,0.01,0
RSDFIN,BE,94,0.43,121.7,0.01,0
KAMANWALA,EQ,17.47,2.64,24.62,0.03,0
MOBANK10,EQ,16.65,0.85,61.69,0.03,0
LEENEE,BE,7.9,-2.59,44.06,0.06,0
IMC1,N2,251.5,0.6,61.37,0,0
GFSTEELS,EQ,20.95,4.96,63.75,0.02,0
ASTRON,BZ,2.95,-1.67,13.72,0.16,0
HAVISHA,EQ,1.35,0.75,20.73,0.35,0
MAKS,SM,15.1,-4.43,10.47,0.03,0
HBESD,EQ,73,2.44,167.61,0.01,0
DNAMEDIA,EQ,2.53,2.02,29.78,0.18,0
WALPAR,SM,22.4,-2.61,21.03,0.02,0
BILVYAPAR,BE,3.95,-1.25,12.39,0.11,0
862REC33,NA,1256,1.29,52.29,0,0
1015ECL29,NR,1017.01,-0.22,112.99,0,0
CONSUMAXIS,EQ,117.94,-0.39,13.03,0,0
93MOFSL34,N6,1087,1.59,51.15,0,0
LAKPRE,BZ,6,4.9,6.57,0.07,0
PALREDTEC,EQ,52,-2.4,63.61,0.01,0
SHYAMTEL,EQ,11.49,-0.09,12.95,0.04,0
DEEM,ST,41.95,-0.12,34.97,0.01,0
1025SCL35A,N1,1006,-0.49,9.59,0,0
ELMDIV,EQ,36.45,1.79,19.73,0.01,0
AGNI,SM,16.45,-0.3,32.13,0.03,0
JAIPURKURT,EQ,25.02,-0.04,47.76,0.02,0
MIDBANKADD,EQ,17.39,-0.06,5.96,0.02,0
772UP36A,SG,99.5,0.51,3681.5,0,0
HBPOR,EQ,60,1.87,64.59,0.01,0
RADIOWALLA,ST,24.7,-5,17.41,0.02,0
PROLIFE,SM,79,0,32.34,0.01,0
795GS2032,GS,107.5,2.38,102125,0,0
VLINFRA,SM,26.15,-3.15,41.09,0.01,0
BAWEJA,SM,24.15,2.11,44.5,0.02,0
AEL170725,ND,1102,0.64,34.14,0,0
DCMFINSERV,EQ,5.06,-3.07,9.5,0.08,0
LKPSEC,EQ,16.05,0.56,132.79,0.02,0
NEAGI,EQ,3435,-0.98,213.68,0,0
DELTAMAGNT,EQ,55.87,-1.67,60.63,0.01,0
PREMIER,BE,2.69,-4.95,8.17,0.13,0
NEXTMEDIA,EQ,3.92,0.77,26.22,0.09,0
AEL120924B,N8,1180,-3.9,40.17,0,0
BABAFP,SM,22.05,-2.22,36,0.02,0
IIFLHF29,NE,1408,-3.59,7.78,0,0
KEEPLEARN,EQ,1.85,-2.12,28.81,0.18,0
HPIL,EQ,123.87,3.2,141.51,0,0
925ECL28,N2,1014.21,0.17,49.04,0,0
RITEZONE,SM,21.45,-4.88,9.07,0.02,0
824GS2027,GS,101.55,-0.04,97882.57,0,0
MSL,EQ,141.2,-5.23,155.04,0,0
860AEL28,NH,1042,0.19,164.08,0,0
IIFLZC28C,N6,1595,0,64.24,0,0
957ICCL25,YW,1060,1.92,27.96,0,0
GLFL,EQ,5.23,-0.57,14.19,0.06,0
85CIFC27,NL,1041.2,0.06,539.56,0,0
POLYSPIN,EQ,29.58,3.79,29.58,0.01,0
812REC27,NI,1031.5,-0.05,2228.38,0,0
990SCL27,YT,1030.21,0,16.13,0,0
SGBDEC26,GB,15300,1.32,318.07,0,0
MICROPRO,SM,19,0,27.17,0.02,0
SGBDC27VII,GB,15190,0.27,984.77,0,0
719GS2060,GS,96,-3.03,61440,0,0
GILT10BETA,EQ,26.28,-1.61,23.64,0.01,0
PEARLPOLY,EQ,15.51,-0.7,26.11,0.02,0
NKIND,EQ,55.37,-2.17,33.28,0.01,0
RADAAN,EQ,2.85,-0.7,15.44,0.1,0
VGCL,EQ,50,1.17,114.54,0.01,0
MEP,BZ,0.67,0,12.29,0.4,0
SIMBHALS,BZ,7.07,-1.94,29.18,0.04,0
LICNFNHGP,EQ,269.57,-0.29,722.32,0,0
965SCL26Y,N1,1057.21,1.05,11.66,0,0
PRUDMOULI,BE,16.35,-2.68,52.73,0.02,0
GAJANAND,SM,8.25,-2.94,15.54,0.03,0
MIEL,SM,12.3,-2.38,21.64,0.02,0
NICCOPAR,EQ,83,3.72,388.44,0,0
WIPL,EQ,169.58,3.06,143.93,0,0
SAYAJIIND,EQ,118.9,2.51,300.58,0,0
ISHAN,SM,0.5,0,10.81,0.48,0
MPDL,BE,32.11,0,23.8,0.01,0
SPPPOLY,SM,11.75,4.44,18.08,0.02,0
TERAI,EQ,126.9,0.83,87.3,0,0
ANSALBU,EQ,82,1.36,60.55,0,0
SAMBANDAM,EQ,111,-1.78,47.34,0,0
935PFL33,N3,1115,0.41,62.32,0,0
863IRFC29,NC,1113.6,0.01,1055.6,0,0
CADSYS,ST,44.1,-4.96,44.11,0.01,0
697GR2034,GS,98,0,1663.45,0,0
956AEL29,N6,1044.9,0.95,52.62,0,0
718GS2033,GS,103,0,207030,0,0
733GS2026,GS,102.31,0,47062.6,0,0
21STCENMGM,EQ,38.25,-1.85,40.16,0.01,0
IVZBANKNF,EQ,55.85,-0.66,7.32,0,0
603GS2029,GS,99,0,61380,0,0
668GS2033,GS,98.66,-1.73,65115.6,0,0
837IIFL28,Y4,982.2,0,86.99,0,0
91D031226,TB,98.04,-0.37,10294.2,0,0
COMPINFO,BZ,1.12,3.7,9.61,0.18,0
745WB44,SG,96,-4,2400,0,0
745KA35,SG,95,-5,1900,0,0
IMC1,N1,251,0.36,61.24,0,0
BBNPNBETF,EQ,56.66,-0.4,4.74,0,0
SURANI,SM,91,-5.21,141.49,0,0
SHRIKRISH,EQ,37,-1.04,103.6,0,0
CELLPOINT,SM,14.95,0,27.93,0.01,0
PPSL,SM,3,1.69,8.79,0.06,0
ARENTERP,EQ,33.34,2.27,10.36,0.01,0
MSCIADD,EQ,28.89,-0.21,2.69,0.01,0
865LTF26,NN,1060.01,0,422.08,0,0
FALCONTECH,SM,12.9,5.74,6.91,0.01,0
ACEINTEG,EQ,17.63,-1.45,17.98,0.01,0
GILT5BETA,EQ,66.41,-1.16,26.19,0,0
SALONA,EQ,260.05,-1.03,136.85,0,0
EMKAYTOOLS,SM,94.5,-0.32,100.84,0,0
WILLAMAGOR,EQ,24.39,-0.41,26.72,0.01,0
10IIFL29,N6,1020,-0.39,31.64,0,0
STARTECK,EQ,247,0.84,244.79,0,0
INDPRUD,EQ,6250,0.62,1047.4,0,0
ANKITMETAL,BZ,1.62,1.89,22.86,0.08,0
MANUGRAPH,BE,14.97,-1.19,45.53,0.01,0
MADHAV,EQ,36.29,-1.63,32.47,0,0
728IRFC30,NG,1297,19.96,2668.33,0,0
871REC28,N9,1126,0,1319.09,0,0
IIFL21425,NY,1111,-0.46,3.22,0,0
895AEL27,N9,1003.76,-0.63,81.79,0,0
985ECL28,NK,1003.99,0,273.21,0,0
10ISFL26,N3,1069.8,0.91,78.58,0,0
SCL01825,N6,1065.5,0.18,7.45,0,0
79NHIT35,N1,312,0.32,468,0,0
ASIANTNE,EQ,9.25,0.22,23.07,0.01,0
KHANDSE,EQ,17.24,1.59,26.3,0.01,0
BLUECOAST,EQ,22.01,0.82,43.31,0,0
850IIFL27,NA,1045.2,0.97,14.21,0,0
726GS2033,GS,103.2,0,163056,0,0
706GS2028,GS,103.59,0.03,114984.9,0,0
965SCL27,N1,1033.2,-0.17,9.3,0,0
903SFL28,YI,1030,0,51.42,0,0
768KA31,SG,101.25,0,2025,0,0
SHIVAMILLS,EQ,61.47,1.81,53.12,0,0
91D081026,TB,99.48,0.06,11539.68,0,0
77AP29,SG,99.01,-0.79,948.52,0,0
704REC28,N4,1089.99,-0.91,54.18,0,0
182D140127,TB,97.5,0,8580,0,0
781RJ49,SG,97,2.04,4462,0,0
744CG30,SG,96.14,-3.86,961.4,0,0
746CG31,SG,95.2,-4.8,952,0,0
THACKER,EQ,1038,-0.67,112.91,0,0
SONAL,EQ,86.25,-4.25,127.12,0,0
739TN34A,SG,92.57,0.01,2777.1,0,0
BTTL,BE,42.5,0.02,248.09,0,0
LIQUIDBETA,EQ,1007.91,0.05,30.49,0,0
890SFIL23A,NZ,440,15.48,5.2,0,0
TGL,ST,16.45,-1.79,19.74,0,0
925SCFL27,YA,1058.8,0.27,10.84,0,0
897GS2030,GS,112.18,2.3,100962,0,0
PERFECT,SZ,1.7,-2.86,2.97,0.03,0
LICNETFSEN,EQ,841.94,-0.25,694.44,0,0
948SCL26B,Y8,997.92,-0.22,11.35,0,0
SIEL,EQ,30,2.21,41.55,0,0
ATLPP,E1,9.15,-1.82,36.42,0,0
ABSLMSCIN,EQ,28.9,-0.1,10.91,0,0
985SFIL28,NO,415,-1.19,4.55,0,0
FELDVR,BZ,2.12,-0.93,8.35,0.02,0
610GS2031,GS,99.99,0,147985.2,0,0
PBMPOLY,EQ,61,1.67,41.96,0,0
APOORVA,EQ,27.88,4.97,55.69,0,0
ZENITHEXPO,EQ,205,0.01,110.62,0,0
888REC29,NF,1146.01,0,335.26,0,0
764HUDCO31,N8,1127,0,626.78,0,0
105IIFL29,N7,1062,-1.57,16.41,0,0
BNALTD,BE,400.95,2.81,124.29,0,0
840IRFC29,N8,1100.3,0.03,1199.53,0,0
1119NFL27,ND,1051.2,-0.34,52.35,0,0
948SCL27D,N1,940,-10.92,14.36,0,0
MUKESHB,EQ,133,0.38,92.71,0,0
704GS2029,GS,103,0,90640,0,0
SIMPLXREA,EQ,137,3.4,40.98,0,0
891IIFCL34,N4,1270,0.4,756.79,0,0
PANCHMAHQ,EQ,280,-3.45,534.19,0,0
943ECL28,NJ,1109.9,10,65.63,0,0
DSKULKARNI,BE,21,1.99,21,0,0
GSEC10YEAR,EQ,30.49,-0.39,79.77,0,0
87LTF27,NH,1006,0.1,17.59,0,0
662GS2051,GS,91.5,-0.54,50325,0,0
925SCL28C,BS,570,14,5,0,0
750GS2056,GS,103,0,15450,0,0
ABGSEC,EQ,113.96,0,12.01,0,0
GSEC10ABSL,EQ,113.03,-0.21,32.52,0,0
667GS2050,GS,93.5,0.92,141702.17,0,0
GSEC10ADD,EQ,27,0.63,14.81,0,0
74GS2062,GS,102.5,0,159900,0,0
706GS2046,GS,101.5,0.5,86275,0,0
716GS2050,GS,101.23,4.14,89082.4,0,0
574GS2026,GS,101.21,-0.73,81980.1,0,0
699GS2051,GS,96,1.59,140664,0,0
KANCOTEA,EQ,52.29,0,26.79,0,0